itemID,itemType,itemMarketName,medianPrice
176097721,Weapon,★ StatTrak™ Survival Knife | Scorched,137.8
176097671,Weapon,★ Paracord Knife | Crimson Web,267.56
176096556,Weapon,AWP | Gungnir,1613.38
176097492,Weapon,★ StatTrak™ Skeleton Knife | Forest DDPAT,251.81
176097745,Weapon,★ Skeleton Knife | Slaughter,907.82
176097521,Weapon,★ Survival Knife,413.97
176097641,Weapon,★ StatTrak™ Survival Knife,264.99
176097762,Weapon,★ StatTrak™ Paracord Knife | Boreal Forest,129.83
176098055,Weapon,★ StatTrak™ Nomad Knife | Boreal Forest,160.94
176097809,Weapon,★ StatTrak™ Nomad Knife | Blue Steel,300.67
176097584,Weapon,★ StatTrak™ Skeleton Knife | Crimson Web,1079.7
176097532,Weapon,★ StatTrak™ Paracord Knife | Night Stripe,126.33
176097604,Weapon,★ StatTrak™ Skeleton Knife | Scorched,347.5
176098041,Weapon,★ StatTrak™ Nomad Knife | Case Hardened,239.8
176097849,Weapon,★ StatTrak™ Survival Knife | Blue Steel,136.37
176097756,Weapon,★ StatTrak™ Nomad Knife | Slaughter,447.45
176098068,Weapon,★ StatTrak™ Skeleton Knife | Scorched,290.0
176098059,Weapon,★ StatTrak™ Paracord Knife | Case Hardened,212.49
176098204,Weapon,★ StatTrak™ Survival Knife | Stained,193.17
176097508,Weapon,AWP | Gungnir,1057.72
176097791,Weapon,★ StatTrak™ Skeleton Knife | Slaughter,1111.37
176097772,Weapon,★ StatTrak™ Survival Knife | Stained,164.66
176097239,Weapon,★ StatTrak™ Skeleton Knife | Blue Steel,500.11
176098162,Weapon,★ StatTrak™ Skeleton Knife | Urban Masked,365.0
176098029,Weapon,★ StatTrak™ Paracord Knife | Stained,171.14
176098167,Weapon,★ StatTrak™ Nomad Knife | Urban Masked,266.63
176098104,Weapon,★ Paracord Knife | Boreal Forest,330.66
176098351,Weapon,★ StatTrak™ Survival Knife | Crimson Web,256.21
176097583,Weapon,★ Survival Knife | Case Hardened,317.82
176098195,Weapon,★ StatTrak™ Skeleton Knife | Night Stripe,577.47
176098512,Weapon,★ StatTrak™ Survival Knife | Urban Masked,110.61
176098535,Weapon,★ StatTrak™ Paracord Knife | Boreal Forest,112.86
176097725,Weapon,★ StatTrak™ Nomad Knife | Stained,219.03
176097546,Weapon,★ StatTrak™ Paracord Knife | Scorched,149.41
176097997,Weapon,★ StatTrak™ Nomad Knife | Case Hardened,288.62
176098793,Weapon,★ StatTrak™ Nomad Knife | Night Stripe,151.14
176099017,Weapon,★ StatTrak™ Paracord Knife | Urban Masked,499.99
176099273,Weapon,★ StatTrak™ Skeleton Knife | Stained,435.48
176098487,Weapon,★ StatTrak™ Survival Knife | Safari Mesh,96.61
176097652,Weapon,★ StatTrak™ Skeleton Knife | Blue Steel,466.0
176099199,Weapon,★ StatTrak™ Skeleton Knife | Forest DDPAT,383.9
176099578,Weapon,★ StatTrak™ Survival Knife | Fade,
176098716,Weapon,★ StatTrak™ Skeleton Knife | Night Stripe,342.44
176097938,Weapon,★ StatTrak™ Survival Knife | Forest DDPAT,111.81
176099186,Weapon,★ StatTrak™ Skeleton Knife | Forest DDPAT,234.5
30963855,Weapon,★ StatTrak™ Huntsman Knife | Boreal Forest,343.94
176100038,Weapon,★ StatTrak™ Survival Knife | Crimson Web,275.97
176099838,Weapon,★ Survival Knife | Scorched,138.65
176100198,Weapon,★ StatTrak™ Skeleton Knife | Crimson Web,614.65
176100029,Weapon,★ StatTrak™ Survival Knife | Boreal Forest,111.02
176097724,Weapon,★ StatTrak™ Survival Knife | Forest DDPAT,116.01
176100173,Weapon,★ Paracord Knife | Night Stripe,303.47
176098084,Weapon,★ StatTrak™ Survival Knife | Stained,126.5
176100166,Weapon,★ Skeleton Knife | Night Stripe,571.0
176097688,Weapon,★ StatTrak™ Nomad Knife | Safari Mesh,130.05
176100298,Weapon,★ StatTrak™ Survival Knife | Blue Steel,160.01
176100347,Weapon,★ StatTrak™ Paracord Knife | Blue Steel,179.09
176098197,Weapon,★ StatTrak™ Skeleton Knife | Case Hardened,762.57
176099262,Weapon,★ Paracord Knife | Scorched,278.94
176100091,Weapon,★ StatTrak™ Survival Knife | Boreal Forest,132.12
176100814,Weapon,★ Paracord Knife | Fade,684.24
176098830,Weapon,★ StatTrak™ Nomad Knife | Stained,239.91
176103643,Weapon,★ Skeleton Knife | Forest DDPAT,
176103726,Weapon,★ Survival Knife | Safari Mesh,149.85
176104355,Weapon,★ StatTrak™ Nomad Knife | Crimson Web,840.02
176100443,Weapon,★ StatTrak™ Paracord Knife | Crimson Web,233.61
176101642,Weapon,★ StatTrak™ Paracord Knife | Safari Mesh,88.44
176103512,Weapon,★ Paracord Knife | Urban Masked,
176105432,Weapon,★ StatTrak™ Survival Knife | Night Stripe,147.77
176104111,Weapon,★ Survival Knife | Night Stripe,270.69
176099412,Weapon,★ StatTrak™ Survival Knife | Safari Mesh,106.42
176098842,Weapon,★ StatTrak™ Paracord Knife | Night Stripe,197.34
176105601,Weapon,★ StatTrak™ Survival Knife | Boreal Forest,109.83
176099121,Weapon,★ StatTrak™ Nomad Knife | Forest DDPAT,163.6
176103534,Weapon,★ StatTrak™ Survival Knife | Night Stripe,179.92
176106126,Weapon,★ StatTrak™ Stiletto Knife | Forest DDPAT,173.6
176098192,Weapon,★ Skeleton Knife | Fade,1786.01
176098894,Weapon,★ StatTrak™ Skeleton Knife | Case Hardened,584.93
176101517,Weapon,★ StatTrak™ Skeleton Knife | Urban Masked,696.37
176101441,Weapon,★ StatTrak™ Paracord Knife | Boreal Forest,115.16
176103349,Weapon,★ StatTrak™ Paracord Knife | Forest DDPAT,108.59
176102193,Weapon,★ StatTrak™ Nomad Knife | Scorched,133.75
176097565,Weapon,★ Nomad Knife | Case Hardened,580.1
176107543,Weapon,★ StatTrak™ Paracord Knife | Fade,
176098457,Weapon,★ Nomad Knife | Blue Steel,425.34
176092209,Weapon,★ StatTrak™ Classic Knife | Crimson Web,728.72
176101818,Weapon,★ StatTrak™ Paracord Knife | Urban Masked,145.09
176098106,Weapon,★ Skeleton Knife | Stained,735.03
176108021,Weapon,★ Nomad Knife | Boreal Forest,285.5
176097866,Weapon,★ StatTrak™ Skeleton Knife | Stained,383.81
176108690,Weapon,★ Nomad Knife | Safari Mesh,295.48
176105406,Weapon,★ StatTrak™ Paracord Knife | Crimson Web,549.82
176109268,Weapon,★ StatTrak™ Survival Knife | Blue Steel,288.67
176109141,Weapon,★ StatTrak™ Paracord Knife | Crimson Web,290.02
176102155,Weapon,★ StatTrak™ Skeleton Knife | Crimson Web,
176109851,Weapon,★ StatTrak™ Nomad Knife | Forest DDPAT,216.75
176100074,Weapon,★ StatTrak™ Survival Knife | Crimson Web,483.0
176103481,Weapon,★ StatTrak™ Nomad Knife | Boreal Forest,151.25
176103425,Weapon,★ Survival Knife | Blue Steel,186.05
176098789,Weapon,★ StatTrak™ Survival Knife | Urban Masked,135.57
176109787,Weapon,★ Survival Knife | Forest DDPAT,162.52
176111791,Weapon,★ StatTrak™ Skeleton Knife | Scorched,326.43
176107173,Weapon,★ StatTrak™ Skeleton Knife | Safari Mesh,252.74
176099350,Weapon,★ Skeleton Knife | Urban Masked,
176111587,Weapon,★ StatTrak™ Nomad Knife | Safari Mesh,116.18
176105014,Weapon,★ StatTrak™ Nomad Knife | Blue Steel,309.13
176111950,Weapon,★ StatTrak™ Survival Knife | Stained,224.75
176112755,Weapon,★ StatTrak™ Survival Knife | Urban Masked,113.3
176099429,Weapon,★ StatTrak™ Skeleton Knife | Slaughter,852.0
176110567,Weapon,★ Nomad Knife | Night Stripe,261.7
176110781,Weapon,★ StatTrak™ Huntsman Knife | Ultraviolet,
176113902,Weapon,★ StatTrak™ Paracord Knife | Boreal Forest,155.25
176106375,Weapon,★ StatTrak™ Skeleton Knife | Urban Masked,395.6
176101205,Weapon,★ Classic Knife | Scorched,153.3
176102357,Weapon,★ Skeleton Knife | Safari Mesh,531.34
176102931,Weapon,★ StatTrak™ Survival Knife | Scorched,104.38
176098861,Weapon,★ StatTrak™ Skeleton Knife | Boreal Forest,300.01
176117423,Weapon,★ StatTrak™ Nomad Knife | Fade,
32630068,Weapon,★ StatTrak™ Bayonet | Boreal Forest,333.34
176099300,Weapon,★ StatTrak™ Nomad Knife | Urban Masked,140.13
176098377,Weapon,★ StatTrak™ Skeleton Knife | Safari Mesh,249.99
17127691,Weapon,★ StatTrak™ Gut Knife | Forest DDPAT,150.25
13293702,Weapon,★ StatTrak™ Gut Knife | Boreal Forest,
176122657,Weapon,★ StatTrak™ Paracord Knife | Urban Masked,116.44
176136290,Weapon,★ StatTrak™ Classic Knife | Safari Mesh,
176107486,Weapon,★ StatTrak™ Nomad Knife | Scorched,149.64
176138809,Weapon,★ Survival Knife | Boreal Forest,195.06
176103668,Weapon,★ StatTrak™ Stiletto Knife | Ultraviolet,786.9
176110573,Weapon,★ StatTrak™ Paracord Knife | Slaughter,338.9
25411526,Weapon,★ StatTrak™ Bayonet | Forest DDPAT,331.02
13297755,Weapon,★ StatTrak™ Huntsman Knife | Forest DDPAT,272.08
176186037,Weapon,StatTrak™ Desert Eagle | Printstream,93.82
176101420,Weapon,★ StatTrak™ Paracord Knife | Scorched,111.69
176186408,Weapon,★ StatTrak™ Nomad Knife | Urban Masked,305.98
176209249,Weapon,Rezan the Redshirt | Sabre,2.98
176209278,Weapon,'Two Times' McCoy | TACP Cavalry,2.67
176209163,Weapon,Sir Bloody Silent Darryl | The Professionals,18.92
176209157,Weapon,Cmdr. Mae 'Dead Cold' Jamison | SWAT,8.7
176209197,Weapon,Safecracker Voltzmann | The Professionals,12.45
176209160,Weapon,Sir Bloody Loudmouth Darryl | The Professionals,37.32
176209299,Weapon,Number K | The Professionals,39.39
176209187,Weapon,Sir Bloody Miami Darryl | The Professionals,65.27
176209431,Weapon,John 'Van Healen' Kask | SWAT,3.54
176209194,Weapon,Getaway Sally | The Professionals,43.1
176209316,Weapon,Street Soldier | Phoenix,6.99
176209284,Weapon,'Blueberries' Buckshot | NSWC SEAL,6.03
176209464,Weapon,Bio-Haz Specialist | SWAT,4.37
176209283,Weapon,1st Lieutenant Farlow | SWAT,4.95
176209322,Weapon,Sir Bloody Darryl Royale | The Professionals,27.2
176209199,Weapon,Little Kev | The Professionals,14.22
176209158,Weapon,Sir Bloody Skullhead Darryl | The Professionals,23.71
176209362,Weapon,Chem-Haz Specialist | SWAT,5.45
176209270,Weapon,Sergeant Bombson | SWAT,4.54
176209247,Weapon,Dragomir | Sabre Footsoldier,2.76
176263146,Weapon,Col. Mangos Dabisi | Guerrilla Warfare,10.27
176262793,Weapon,Lieutenant Rex Krikey | SEAL Frogman,7.13
176262695,Weapon,Officer Jacques Beltram | Gendarmerie Nationale,6.4
176262679,Weapon,Cmdr. Frank 'Wet Sox' Baroud | SEAL Frogman,39.57
176262665,Weapon,Arno The Overgrown | Guerrilla Warfare,5.33
176262921,Weapon,Trapper Aggressor | Guerrilla Warfare,6.93
176262986,Weapon,Mr. Muhlik | Elite Crew,6.65
176262967,Weapon,Sous-Lieutenant Medic | Gendarmerie Nationale,3.23
176263044,Weapon,Lieutenant 'Tree Hugger' Farlow | SWAT,6.4
176262766,Weapon,Vypa Sista of the Revolution | Guerrilla Warfare,21.76
176262703,Weapon,Elite Trapper Solman | Guerrilla Warfare,15.19
176262691,Weapon,'Medium Rare' Crasswater | Guerrilla Warfare,16.3
176262965,Weapon,Chem-Haz Capitaine | Gendarmerie Nationale,8.24
176262937,Weapon,Primeiro Tenente | Brazilian 1st Battalion,11.46
176262893,Weapon,Chef d'Escadron Rouchard | Gendarmerie Nationale,11.79
176262887,Weapon,Crasswater The Forgotten | Guerrilla Warfare,9.21
176262928,Weapon,Bloody Darryl The Strapped | The Professionals,21.35
176262930,Weapon,Cmdr. Davida 'Goggles' Fernandez | SEAL Frogman,48.06
176262809,Weapon,D Squadron Officer | NZSAS,18.45
176263076,Weapon,Trapper | Guerrilla Warfare,9.15
176262890,Weapon,Aspirant | Gendarmerie Nationale,2.78
176263544,Weapon,Jungle Rebel | Elite Crew,3.95
175854206,Weapon,StatTrak™ Radicals Box,8.84
139673203,Weapon,★ Bowie Knife,215.59
1282847,Weapon,★ Bayonet,676.62
37769977,Weapon,StatTrak™ Swap Tool,0.45
16294128,Weapon,★ StatTrak™ Butterfly Knife | Stained,739.2
9680092,Weapon,★ StatTrak™ Bayonet | Forest DDPAT,268.45
1390952,Weapon,Name Tag,2.01
3440751,Weapon,eSports Key,8.16
14977515,Weapon,★ Butterfly Knife,1678.16
15005298,Weapon,★ StatTrak™ Butterfly Knife,1610.0
8994376,Weapon,★ Huntsman Knife,329.64
1283602,Weapon,★ Karambit,1107.41
1284327,Weapon,★ Gut Knife,255.82
1285128,Weapon,★ M9 Bayonet,1071.38
67080180,Weapon,★ Shadow Daggers,288.49
49359126,Weapon,★ Falchion Knife,306.53
3440083,Weapon,Gift Package,5.54
3440869,Weapon,Audience Participation Parcel,31.82
3440838,Weapon,Pallet of Presents,90.52
49576389,Weapon,Desert Eagle | Sunset Storm 弐,
9681945,Weapon,★ StatTrak™ Flip Knife,309.81
9646079,Weapon,★ StatTrak™ Gut Knife,127.97
1284092,Weapon,★ Flip Knife,450.0
165142227,Weapon,StatTrak™ FAMAS | Roll Cage,66.01
9685972,Weapon,★ StatTrak™ Bayonet,654.16
139718950,Weapon,★ Bowie Knife | Case Hardened,300.29
9982205,Weapon,★ StatTrak™ Gut Knife | Urban Masked,107.0
9671316,Weapon,★ StatTrak™ Flip Knife | Stained,157.43
1322071,Weapon,Desert Eagle | Blaze,483.3
157574719,Weapon,★ StatTrak™ M9 Bayonet | Black Laminate,625.94
49638213,Weapon,Five-SeveN | Neon Kimono,
51806418,Weapon,★ StatTrak™ Falchion Knife | Safari Mesh,103.66
14959388,Weapon,CZ75-Auto | Chalice,
139778811,Weapon,★ StatTrak™ Bowie Knife | Case Hardened,240.82
9661500,Weapon,★ StatTrak™ Karambit | Urban Masked,466.96
1321967,Weapon,AUG | Hot Rod,181.59
2392492,Weapon,Souvenir USP-S | Night Ops,258.32
9846110,Weapon,★ StatTrak™ Karambit | Boreal Forest,382.48
9750989,Weapon,★ StatTrak™ Flip Knife | Crimson Web,273.9
9675750,Weapon,★ StatTrak™ Huntsman Knife,267.07
2400363,Weapon,Souvenir PP-Bizon | Sand Dashed,22.76
31969501,Weapon,★ StatTrak™ Karambit | Damascus Steel,1017.95
2408747,Weapon,Souvenir MP7 | Army Recon,22.64
10362077,Weapon,★ StatTrak™ M9 Bayonet | Night,552.0
5659548,Weapon,★ Gut Knife | Forest DDPAT,114.2
175854406,Weapon,★ StatTrak™ Flip Knife | Lore,364.26
4638979,Weapon,★ Bayonet | Forest DDPAT,357.58
9934943,Weapon,★ StatTrak™ Gut Knife | Night,86.28
9647673,Weapon,★ StatTrak™ M9 Bayonet | Forest DDPAT,
20302452,Weapon,★ StatTrak™ Bayonet | Stained,234.83
9770315,Weapon,★ StatTrak™ Bayonet | Scorched,224.56
9885345,Weapon,★ StatTrak™ M9 Bayonet | Scorched,
139813608,Weapon,★ StatTrak™ Bowie Knife | Crimson Web,199.78
9646150,Weapon,★ StatTrak™ Flip Knife | Stained,167.22
19230649,Weapon,★ Butterfly Knife | Forest DDPAT,
9690308,Weapon,★ StatTrak™ Bayonet | Crimson Web,295.6
31768962,Weapon,★ StatTrak™ M9 Bayonet | Ultraviolet,498.95
44519124,Weapon,★ StatTrak™ Gut Knife | Marble Fade,
30516503,Weapon,★ StatTrak™ M9 Bayonet | Ultraviolet,589.62
2589974,Weapon,★ Flip Knife | Scorched,
10337446,Weapon,★ StatTrak™ Huntsman Knife | Urban Masked,111.62
5660935,Weapon,★ Gut Knife | Urban Masked,
5014812,Weapon,★ Karambit | Forest DDPAT,291.13
139958484,Weapon,★ StatTrak™ Bowie Knife | Blue Steel,135.4
67210729,Weapon,★ StatTrak™ Shadow Daggers,181.47
10976974,Weapon,★ StatTrak™ Flip Knife | Blue Steel,198.83
156799627,Weapon,★ Karambit | Bright Water,550.53
1466845,Weapon,★ Karambit | Scorched,537.7
13260308,Weapon,★ StatTrak™ Huntsman Knife | Stained,
9681933,Weapon,★ StatTrak™ Flip Knife | Blue Steel,182.52
9861915,Weapon,★ StatTrak™ Gut Knife | Fade,170.0
157848739,Weapon,★ StatTrak™ Bayonet | Autotronic,529.25
9743356,Weapon,★ StatTrak™ Flip Knife | Safari Mesh,147.84
13067194,Weapon,★ StatTrak™ Huntsman Knife | Forest DDPAT,125.36
9885878,Weapon,★ StatTrak™ Bayonet | Urban Masked,219.22
1359508,Weapon,★ Flip Knife | Night,
9661504,Weapon,★ StatTrak™ Karambit | Boreal Forest,456.7
9743496,Weapon,★ StatTrak™ Bayonet | Slaughter,499.36
2421521,Weapon,Souvenir M4A1-S | Nitro,49.86
11665465,Weapon,★ StatTrak™ Flip Knife | Case Hardened,
1322592,Weapon,★ Karambit | Case Hardened,398.86
36049429,Weapon,★ StatTrak™ Flip Knife | Rust Coat,194.99
58505398,Weapon,★ StatTrak™ Falchion Knife | Blue Steel,300.0
38668971,Weapon,★ StatTrak™ Flip Knife | Tiger Tooth,
172404876,Weapon,★ StatTrak™ Flip Knife | Freehand,191.72
9858321,Weapon,★ StatTrak™ M9 Bayonet | Scorched,121.83
9751906,Weapon,★ StatTrak™ Flip Knife | Urban Masked,212.35
2400756,Weapon,Souvenir P250 | Boreal Forest,24.75
9841264,Weapon,★ StatTrak™ Bayonet | Crimson Web,579.37
10395662,Weapon,★ StatTrak™ Huntsman Knife | Night,195.34
9719478,Weapon,★ StatTrak™ Bayonet | Blue Steel,301.37
9764861,Weapon,★ StatTrak™ M9 Bayonet | Safari Mesh,340.31
9887576,Weapon,★ StatTrak™ Flip Knife | Boreal Forest,152.56
33988000,Weapon,★ StatTrak™ Gut Knife | Damascus Steel,91.14
10051158,Weapon,★ StatTrak™ Karambit | Safari Mesh,411.96
32626483,Weapon,★ StatTrak™ Karambit | Damascus Steel,730.97
140196625,Weapon,★ StatTrak™ Bowie Knife | Crimson Web,
173163730,Weapon,★ StatTrak™ Bayonet | Freehand,262.72
173888724,Weapon,★ StatTrak™ Karambit | Freehand,387.0
2418496,Weapon,Souvenir Dual Berettas | Stained,25.51
49594442,Weapon,★ Falchion Knife | Urban Masked,
30150285,Weapon,★ StatTrak™ Butterfly Knife | Stained,
140090713,Weapon,★ StatTrak™ Bowie Knife | Safari Mesh,110.11
162223798,Weapon,★ StatTrak™ Gut Knife | Freehand,117.92
2440681,Weapon,Souvenir MP7 | Anodized Navy,15.72
9688058,Weapon,★ StatTrak™ Karambit | Scorched,495.51
17249618,Weapon,★ StatTrak™ Butterfly Knife | Forest DDPAT,618.84
2387404,Weapon,★ M9 Bayonet | Urban Masked,538.09
34716121,Weapon,★ StatTrak™ Bayonet | Damascus Steel,263.86
23861471,Weapon,StatTrak™ P250 | Cartel,12.42
49524774,Weapon,★ StatTrak™ Falchion Knife,169.96
9764597,Weapon,★ StatTrak™ Gut Knife | Stained,113.64
1553770,Weapon,StatTrak™ P90 | Emerald Dragon,129.41
15434948,Weapon,★ Butterfly Knife | Case Hardened,1707.07
67359912,Weapon,★ Shadow Daggers | Forest DDPAT,148.15
2390694,Weapon,Souvenir USP-S | Night Ops,37.07
9672792,Weapon,★ StatTrak™ Flip Knife | Blue Steel,178.49
139691721,Weapon,★ StatTrak™ Bowie Knife,175.88
67237350,Weapon,★ StatTrak™ Shadow Daggers | Stained,98.36
9695342,Weapon,★ StatTrak™ Bayonet | Boreal Forest,198.95
1788594,Weapon,★ Flip Knife | Urban Masked,
29749889,Weapon,★ StatTrak™ Flip Knife | Damascus Steel,166.29
2789347,Weapon,★ Karambit | Boreal Forest,378.2
167087473,Weapon,★ StatTrak™ Flip Knife | Gamma Doppler,1497.53
50767303,Weapon,★ Falchion Knife | Boreal Forest,175.98
5659611,Weapon,★ Flip Knife | Forest DDPAT,105.0
68720159,Weapon,★ Shadow Daggers | Night,287.5
1391601,Weapon,★ Karambit | Safari Mesh,214.26
10378634,Weapon,★ StatTrak™ Huntsman Knife | Urban Masked,114.55
9750588,Weapon,★ StatTrak™ Flip Knife | Scorched,170.4
159970318,Weapon,★ StatTrak™ M9 Bayonet | Bright Water,427.19
34659671,Weapon,★ StatTrak™ M9 Bayonet | Damascus Steel,455.0
20864213,Weapon,★ Butterfly Knife | Urban Masked,
9750698,Weapon,★ StatTrak™ Bayonet | Urban Masked,201.83
2415829,Weapon,Souvenir P90 | Teardown,17.69
9185005,Weapon,★ Huntsman Knife | Safari Mesh,
156699543,Weapon,★ M9 Bayonet | Freehand,450.91
9873454,Weapon,★ StatTrak™ Karambit | Stained,569.36
9743958,Weapon,★ StatTrak™ Gut Knife | Forest DDPAT,100.02
13108866,Weapon,★ StatTrak™ Huntsman Knife | Blue Steel,378.99
11097269,Weapon,★ StatTrak™ Karambit | Crimson Web,790.01
49431011,Weapon,Five-SeveN | Neon Kimono,161.14
9680063,Weapon,★ StatTrak™ Karambit,1154.99
1719826,Weapon,StatTrak™ Desert Eagle | Golden Koi,104.48
10035900,Weapon,★ StatTrak™ M9 Bayonet | Forest DDPAT,
9680715,Weapon,★ StatTrak™ M9 Bayonet | Blue Steel,491.3
175862648,Weapon,★ StatTrak™ M9 Bayonet | Lore,685.0
15013482,Weapon,★ StatTrak™ Butterfly Knife | Scorched,630.58
156647378,Weapon,★ StatTrak™ M9 Bayonet | Black Laminate,815.88
9938688,Weapon,★ StatTrak™ Gut Knife | Crimson Web,158.61
10096221,Weapon,★ StatTrak™ M9 Bayonet | Urban Masked,407.62
1552532,Weapon,StatTrak™ AK-47 | Fire Serpent,1040.25
67125975,Weapon,★ StatTrak™ Shadow Daggers | Forest DDPAT,130.3
2548243,Weapon,★ Gut Knife | Scorched,99.12
140102301,Weapon,★ Bowie Knife | Boreal Forest,231.9
9872001,Weapon,★ StatTrak™ M9 Bayonet | Urban Masked,445.02
9868503,Weapon,★ StatTrak™ Gut Knife | Boreal Forest,88.79
15880415,Weapon,StatTrak™ Nova | Bloomstick,250.68
9760657,Weapon,★ StatTrak™ Bayonet | Forest DDPAT,226.81
145159657,Weapon,★ Bowie Knife | Safari Mesh,116.12
159931469,Weapon,★ StatTrak™ Karambit | Freehand,
157813043,Weapon,★ StatTrak™ Bayonet | Black Laminate,372.76
1464768,Weapon,★ Flip Knife | Boreal Forest,238.56
159532820,Weapon,★ StatTrak™ Karambit | Bright Water,824.83
9878707,Weapon,★ StatTrak™ Flip Knife | Urban Masked,135.77
37387752,Weapon,★ StatTrak™ Gut Knife | Damascus Steel,150.0
46942337,Weapon,★ StatTrak™ Bayonet | Doppler,662.92
173321763,Weapon,Souvenir R8 Revolver | Amber Fade,31.98
67540544,Weapon,★ StatTrak™ Shadow Daggers | Crimson Web,130.83
9646037,Weapon,★ StatTrak™ M9 Bayonet,1625.02
139958475,Weapon,★ StatTrak™ Bowie Knife | Forest DDPAT,109.76
140102302,Weapon,★ StatTrak™ Bowie Knife | Boreal Forest,104.82
73285232,Weapon,★ StatTrak™ Shadow Daggers | Case Hardened,
17228370,Weapon,★ Butterfly Knife | Boreal Forest,902.3
17778458,Weapon,Souvenir Desert Eagle | Hand Cannon,249.55
9685961,Weapon,★ StatTrak™ M9 Bayonet | Crimson Web,638.45
156793123,Weapon,★ StatTrak™ Karambit | Autotronic,1059.97
9846123,Weapon,★ StatTrak™ Gut Knife | Crimson Web,202.11
2400222,Weapon,Souvenir Tec-9 | Groundwater,14.92
175868555,Weapon,★ StatTrak™ Bowie Knife | Scorched,125.01
3453519,Weapon,Souvenir AWP | Pit Viper,52.22
30237285,Weapon,★ StatTrak™ Karambit | Ultraviolet,665.76
9760386,Weapon,★ StatTrak™ Karambit | Forest DDPAT,473.97
15395670,Weapon,★ Butterfly Knife | Scorched,
1340610,Weapon,StatTrak™ AWP | Lightning Strike,142.03
167968332,Weapon,★ StatTrak™ Karambit | Autotronic,1463.56
59453308,Weapon,★ Falchion Knife | Night,347.61
175880571,Weapon,★ Butterfly Knife | Doppler,1278.23
47225094,Weapon,★ StatTrak™ Karambit | Damascus Steel,
8989620,Weapon,M4A4 | Howl,
165128942,Weapon,★ StatTrak™ Gut Knife | Gamma Doppler,274.42
20266652,Weapon,★ StatTrak™ Butterfly Knife | Blue Steel,1334.15
14963025,Weapon,AWP | Dragon Lore,682.7
164145029,Weapon,★ StatTrak™ Gut Knife | Bright Water,114.75
9866291,Weapon,★ StatTrak™ Flip Knife | Fade,299.5
5659609,Weapon,★ M9 Bayonet | Forest DDPAT,287.49
175881138,Weapon,★ StatTrak™ Butterfly Knife | Damascus Steel,1732.5
49612094,Weapon,AWP | Medusa,1800.0
1646943,Weapon,★ M9 Bayonet | Boreal Forest,240.0
155780197,Weapon,★ StatTrak™ Bowie Knife | Blue Steel,334.06
4768842,Weapon,★ Gut Knife | Crimson Web,
2422778,Weapon,Souvenir USP-S | Night Ops,23.1
11386830,Weapon,★ StatTrak™ M9 Bayonet | Fade,399.97
2406923,Weapon,Souvenir SCAR-20 | Contractor,29.99
168112905,Weapon,★ StatTrak™ M9 Bayonet | Autotronic,351.2
32926677,Weapon,★ StatTrak™ Bayonet | Marble Fade,997.23
11113159,Weapon,★ StatTrak™ Flip Knife | Stained,181.29
67338669,Weapon,★ StatTrak™ Shadow Daggers | Blue Steel,106.45
47756728,Weapon,★ StatTrak™ Flip Knife | Marble Fade,378.24
175883450,Weapon,★ Butterfly Knife | Marble Fade,
171928556,Weapon,★ StatTrak™ Bayonet | Bright Water,289.79
5659623,Weapon,★ Bayonet | Boreal Forest,
175883942,Weapon,★ StatTrak™ Shadow Daggers | Damascus Steel,123.1
175881195,Weapon,★ StatTrak™ Butterfly Knife | Ultraviolet,624.88
175884605,Weapon,★ StatTrak™ Falchion Knife | Ultraviolet,123.22
157499565,Weapon,★ StatTrak™ Flip Knife | Autotronic,252.65
8989650,Weapon,M4A4 | Howl,396.75
2411777,Weapon,Souvenir SSG 08 | Blue Spruce,
175885515,Weapon,★ StatTrak™ Shadow Daggers | Tiger Tooth,256.55
143503828,Weapon,★ StatTrak™ Bowie Knife | Crimson Web,404.16
2425106,Weapon,Souvenir USP-S | Night Ops,19.56
73265607,Weapon,★ StatTrak™ Shadow Daggers | Stained,299.03
1340377,Weapon,★ M9 Bayonet | Safari Mesh,164.79
49638215,Weapon,AWP | Medusa,803.69
15914271,Weapon,★ StatTrak™ Butterfly Knife | Fade,399.49
175852649,Weapon,★ StatTrak™ Karambit | Lore,
175888596,Weapon,★ StatTrak™ Huntsman Knife | Doppler,319.24
2407317,Weapon,Souvenir XM1014 | Blue Spruce,15.83
139795447,Weapon,★ Bowie Knife | Forest DDPAT,181.65
25611664,Weapon,Souvenir M4A4 | Radiation Hazard,390.09
11508874,Weapon,★ StatTrak™ Karambit | Stained,399.78
16771794,Weapon,★ Huntsman Knife | Night,400.0
53722778,Weapon,★ StatTrak™ Falchion Knife | Urban Masked,311.19
49758611,Weapon,AUG | Akihabara Accept,454.19
156455979,Weapon,★ Karambit | Autotronic,
175891550,Weapon,★ StatTrak™ Huntsman Knife | Marble Fade,481.48
15968902,Weapon,★ Butterfly Knife | Crimson Web,397.73
14959400,Weapon,AWP | Dragon Lore,
8997208,Weapon,M4A4 | Howl,243.28
8989595,Weapon,M4A4 | Howl,398.03
1581591,Weapon,AK-47 | Fire Serpent,586.95
32203978,Weapon,★ M9 Bayonet | Ultraviolet,400.0
1549572,Weapon,StatTrak™ AK-47 | Fire Serpent,378.13
10228540,Weapon,★ StatTrak™ M9 Bayonet | Crimson Web,
14966470,Weapon,AWP | Dragon Lore,1711.54
36746060,Weapon,★ StatTrak™ M9 Bayonet | Marble Fade,
8994357,Weapon,StatTrak™ M4A4 | Howl,367.09
9198092,Weapon,StatTrak™ M4A4 | Howl,152.8
164685995,Weapon,★ Karambit | Lore,
159772160,Weapon,★ M9 Bayonet | Lore,1318.79
175861770,Weapon,★ StatTrak™ M9 Bayonet | Lore,1222.07
175891633,Weapon,★ StatTrak™ Falchion Knife | Doppler,528.05
14977513,Weapon,AWP | Dragon Lore,1548.84
175869988,Weapon,★ StatTrak™ Bayonet | Black Laminate,412.11
13021137,Weapon,★ Huntsman Knife | Crimson Web,1094.46
34456538,Weapon,★ Bayonet | Ultraviolet,1047.74
175873612,Weapon,★ StatTrak™ Karambit | Autotronic,1324.55
49679904,Weapon,AWP | Medusa,1327.63
47278017,Weapon,★ Karambit | Ultraviolet,700.0
20120134,Weapon,★ StatTrak™ Butterfly Knife | Case Hardened,400.55
1698145,Weapon,StatTrak™ AK-47 | Fire Serpent,1272.74
165382336,Weapon,★ StatTrak™ Karambit | Gamma Doppler,860.0
11121500,Weapon,★ StatTrak™ M9 Bayonet | Blue Steel,
5659628,Weapon,★ M9 Bayonet | Night,573.79
163408356,Weapon,★ StatTrak™ Flip Knife | Freehand,166.97
2420089,Weapon,Souvenir Galil AR | Sage Spray,13.16
175892485,Weapon,★ StatTrak™ M9 Bayonet | Gamma Doppler,
2420769,Weapon,Souvenir M4A1-S | Nitro,69.0
19012667,Weapon,★ StatTrak™ Karambit | Fade,614.58
2358826,Weapon,★ Karambit | Urban Masked,1437.5
14698943,Weapon,★ StatTrak™ Bayonet | Fade,397.13
175892504,Weapon,★ StatTrak™ Shadow Daggers | Doppler,859.03
14980583,Weapon,AWP | Dragon Lore,878.24
175894061,Weapon,★ Butterfly Knife | Ultraviolet,859.09
24265049,Weapon,StatTrak™ AK-47 | Wasteland Rebel,
2137110,Weapon,★ Flip Knife | Crimson Web,
175855753,Weapon,★ StatTrak™ Karambit | Bright Water,237.12
31764246,Weapon,★ StatTrak™ Butterfly Knife | Scorched,392.8
165975555,Weapon,★ StatTrak™ Bayonet | Gamma Doppler,796.51
175897789,Weapon,★ StatTrak™ Huntsman Knife | Damascus Steel,
79020875,Weapon,★ StatTrak™ Shadow Daggers | Fade,284.22
8990314,Weapon,StatTrak™ M4A4 | Howl,216.76
16003082,Weapon,★ StatTrak™ Bayonet | Safari Mesh,387.91
10214755,Weapon,★ StatTrak™ Bayonet | Blue Steel,548.94
39030416,Weapon,★ StatTrak™ Karambit | Tiger Tooth,
175879325,Weapon,★ StatTrak™ M9 Bayonet | Autotronic,1589.47
24826973,Weapon,★ StatTrak™ Butterfly Knife | Safari Mesh,317.29
175854013,Weapon,★ StatTrak™ M9 Bayonet | Black Laminate,899.9
175892897,Weapon,★ StatTrak™ Huntsman Knife | Night,
66108157,Weapon,★ Falchion Knife | Crimson Web,649.99
45199900,Weapon,★ StatTrak™ M9 Bayonet | Tiger Tooth,865.89
175903439,Weapon,★ Huntsman Knife | Ultraviolet,265.0
162242859,Weapon,★ Bowie Knife | Crimson Web,650.75
2428335,Weapon,Souvenir XM1014 | Blue Steel,23.45
144659433,Weapon,★ Bowie Knife | Urban Masked,133.7
175906728,Weapon,★ StatTrak™ Huntsman Knife | Tiger Tooth,283.85
18489345,Weapon,★ StatTrak™ Butterfly Knife | Urban Masked,338.75
175911453,Weapon,★ StatTrak™ Shadow Daggers | Damascus Steel,112.03
83132049,Weapon,★ StatTrak™ Shadow Daggers | Safari Mesh,188.16
175914380,Weapon,Souvenir R8 Revolver | Bone Mask,286.38
175705011,Weapon,★ StatTrak™ M9 Bayonet | Lore,1702.23
11122142,Weapon,★ StatTrak™ Karambit | Case Hardened,950.89
163564502,Weapon,★ StatTrak™ Karambit | Lore,1750.0
175915691,Weapon,★ StatTrak™ Butterfly Knife | Damascus Steel,387.94
175915919,Weapon,★ StatTrak™ Bowie Knife | Damascus Steel,165.38
14718292,Weapon,★ StatTrak™ Flip Knife | Forest DDPAT,172.25
175910202,Weapon,★ StatTrak™ Butterfly Knife | Doppler,
175916742,Weapon,★ StatTrak™ Butterfly Knife | Damascus Steel,1366.35
11316265,Weapon,★ StatTrak™ M9 Bayonet | Case Hardened,
1338767,Weapon,★ Bayonet | Crimson Web,380.95
10470705,Weapon,★ StatTrak™ Gut Knife | Urban Masked,139.75
14086615,Weapon,★ StatTrak™ Karambit | Blue Steel,412.79
175921022,Weapon,★ StatTrak™ Bowie Knife | Urban Masked,
16959537,Weapon,★ StatTrak™ Huntsman Knife | Case Hardened,377.41
175921642,Weapon,★ StatTrak™ Falchion Knife | Ultraviolet,702.91
14983806,Weapon,★ StatTrak™ Butterfly Knife | Forest DDPAT,382.11
2431487,Weapon,Souvenir MAG-7 | Bulldozer,212.75
175926510,Weapon,★ StatTrak™ Butterfly Knife | Tiger Tooth,977.0
146748041,Weapon,★ StatTrak™ Bowie Knife | Case Hardened,576.58
175909819,Weapon,Souvenir R8 Revolver | Bone Mask,1715.32
2417026,Weapon,Souvenir M4A1-S | Boreal Forest,83.56
8993617,Weapon,StatTrak™ M4A4 | Howl,310.8
36579624,Weapon,★ StatTrak™ Butterfly Knife | Boreal Forest,370.99
11107741,Weapon,★ StatTrak™ Bayonet | Case Hardened,406.76
17508247,Weapon,★ StatTrak™ Butterfly Knife | Night,408.2
175955926,Weapon,★ StatTrak™ Karambit | Black Laminate,529.34
176000191,Weapon,★ Ursus Knife,498.79
176000215,Weapon,★ Navaja Knife,160.4
176000046,Weapon,★ Talon Knife,836.91
176000338,Weapon,★ StatTrak™ Talon Knife | Boreal Forest,304.47
176000213,Weapon,★ Stiletto Knife,667.86
176000448,Weapon,★ StatTrak™ Navaja Knife,150.0
176000616,Weapon,★ StatTrak™ Talon Knife,539.27
176000494,Weapon,★ Talon Knife | Night Stripe,310.6
176000753,Weapon,★ StatTrak™ Stiletto Knife,405.83
176000903,Weapon,★ StatTrak™ Ursus Knife,290.62
176001078,Weapon,★ Stiletto Knife | Night Stripe,460.0
176001320,Weapon,★ StatTrak™ Ursus Knife | Scorched,122.47
176001623,Weapon,★ StatTrak™ Talon Knife | Scorched,268.0
176001717,Weapon,★ Talon Knife | Stained,412.88
176001631,Weapon,★ StatTrak™ Talon Knife | Urban Masked,270.15
176001755,Weapon,★ Ursus Knife | Fade,
176001933,Weapon,★ StatTrak™ Navaja Knife | Urban Masked,80.64
176002298,Weapon,★ Stiletto Knife | Safari Mesh,
176001318,Weapon,★ StatTrak™ Stiletto Knife | Night Stripe,202.84
176002572,Weapon,★ Talon Knife | Forest DDPAT,485.16
176002690,Weapon,★ StatTrak™ Bowie Knife | Ultraviolet,782.05
176002917,Weapon,★ Stiletto Knife | Stained,362.97
176003662,Weapon,★ StatTrak™ Ursus Knife | Crimson Web,330.77
176004755,Weapon,★ StatTrak™ Stiletto Knife | Boreal Forest,195.74
176003464,Weapon,★ Stiletto Knife | Case Hardened,636.35
176005805,Weapon,★ StatTrak™ Talon Knife | Boreal Forest,284.09
176007773,Weapon,★ StatTrak™ Shadow Daggers | Ultraviolet,283.72
176003496,Weapon,★ StatTrak™ Talon Knife | Crimson Web,435.52
176007034,Weapon,Souvenir SG 553 | Integrale,
176006886,Weapon,Souvenir Dual Berettas | Twin Turbo,150.0
176006451,Weapon,Souvenir Glock-18 | Nuclear Garden,93.75
176009145,Weapon,★ StatTrak™ Ursus Knife | Blue Steel,157.48
176010207,Weapon,★ StatTrak™ Navaja Knife | Stained,100.19
176010157,Weapon,★ StatTrak™ Ursus Knife | Night Stripe,139.99
176010420,Weapon,★ StatTrak™ Ursus Knife | Fade,
176000354,Weapon,★ StatTrak™ Stiletto Knife | Safari Mesh,
176010620,Weapon,★ StatTrak™ Navaja Knife | Blue Steel,98.88
176001864,Weapon,★ StatTrak™ Talon Knife | Safari Mesh,252.62
176011109,Weapon,★ Navaja Knife | Boreal Forest,
176011463,Weapon,★ Ursus Knife | Forest DDPAT,
176011718,Weapon,★ StatTrak™ Stiletto Knife | Urban Masked,155.47
176010998,Weapon,★ Stiletto Knife | Forest DDPAT,
176011401,Weapon,★ StatTrak™ Stiletto Knife | Stained,254.45
176012734,Weapon,★ StatTrak™ Navaja Knife | Night Stripe,109.51
176012860,Weapon,★ StatTrak™ Ursus Knife | Stained,
176011477,Weapon,★ Navaja Knife | Safari Mesh,130.28
176013198,Weapon,★ StatTrak™ Ursus Knife | Safari Mesh,209.6
176002898,Weapon,★ Talon Knife | Blue Steel,635.7
159859166,Weapon,Souvenir AWP | Pink DDPAT,665.27
176010542,Weapon,★ StatTrak™ Navaja Knife | Urban Masked,92.51
176003900,Weapon,★ StatTrak™ Stiletto Knife | Crimson Web,305.67
176017612,Weapon,★ Navaja Knife | Urban Masked,153.72
176018431,Weapon,★ StatTrak™ Navaja Knife | Urban Masked,77.5
176013105,Weapon,★ Stiletto Knife | Fade,747.13
176009688,Weapon,★ Stiletto Knife | Urban Masked,264.14
176023609,Weapon,★ StatTrak™ Stiletto Knife | Urban Masked,186.62
176017537,Weapon,★ StatTrak™ Navaja Knife | Fade,252.67
176026690,Weapon,★ Talon Knife | Night Stripe,
176007416,Weapon,★ StatTrak™ Ursus Knife | Slaughter,334.66
176029878,Weapon,★ Ursus Knife | Safari Mesh,155.64
176028913,Weapon,★ StatTrak™ Ursus Knife | Forest DDPAT,120.62
176030593,Weapon,★ StatTrak™ Talon Knife | Boreal Forest,550.91
176019719,Weapon,★ Navaja Knife | Crimson Web,
176031717,Weapon,★ StatTrak™ Stiletto Knife | Fade,
10090165,Weapon,★ StatTrak™ Gut Knife | Safari Mesh,400.0
176018890,Weapon,★ StatTrak™ Navaja Knife | Boreal Forest,83.94
176033320,Weapon,★ StatTrak™ Ursus Knife | Blue Steel,255.48
176034316,Weapon,★ StatTrak™ Navaja Knife | Safari Mesh,
176034873,Weapon,★ StatTrak™ Navaja Knife | Night Stripe,499.87
176032544,Weapon,★ StatTrak™ Talon Knife | Case Hardened,730.74
176031087,Weapon,★ StatTrak™ Ursus Knife | Crimson Web,266.69
176020871,Weapon,★ StatTrak™ Ursus Knife | Case Hardened,
66279685,Weapon,★ StatTrak™ Gut Knife | Ultraviolet,575.0
176037573,Weapon,★ StatTrak™ Navaja Knife | Urban Masked,
176038553,Weapon,★ StatTrak™ Talon Knife | Blue Steel,972.86
176035833,Weapon,★ StatTrak™ Stiletto Knife | Forest DDPAT,153.82
176038196,Weapon,★ Ursus Knife | Boreal Forest,137.72
176041409,Weapon,★ StatTrak™ Talon Knife | Night Stripe,299.88
176042584,Weapon,M4A4 | The Emperor,82.54
176042569,Weapon,M4A4 | The Emperor,136.78
176042657,Weapon,M4A4 | The Emperor,43.31
176042742,Weapon,M4A4 | The Emperor,313.5
176042634,Weapon,StatTrak™ M4A4 | The Emperor,165.38
176042647,Weapon,StatTrak™ M4A4 | The Emperor,420.78
176042682,Weapon,★ Stiletto Knife | Damascus Steel,282.0
176042809,Weapon,★ Talon Knife | Doppler,856.08
176042840,Weapon,★ Ursus Knife | Doppler,446.73
176042666,Weapon,M4A4 | The Emperor,62.83
176042734,Weapon,StatTrak™ M4A4 | The Emperor,85.01
12443209,Weapon,★ StatTrak™ Karambit | Boreal Forest,399.99
176043466,Weapon,★ StatTrak™ Navaja Knife | Case Hardened,202.7
176044291,Weapon,★ StatTrak™ Ursus Knife | Doppler,687.93
176044503,Weapon,★ StatTrak™ Ursus Knife | Ultraviolet,153.17
176045713,Weapon,★ StatTrak™ Ursus Knife | Tiger Tooth,336.35
176045828,Weapon,★ StatTrak™ Talon Knife | Marble Fade,
176049268,Weapon,★ StatTrak™ Navaja Knife | Marble Fade,219.26
176049537,Weapon,★ StatTrak™ Navaja Knife | Doppler,283.75
176049961,Weapon,★ StatTrak™ Ursus Knife | Damascus Steel,134.92
176031545,Weapon,★ Talon Knife | Safari Mesh,390.0
176051454,Weapon,★ StatTrak™ Stiletto Knife | Doppler,545.44
176050570,Weapon,★ StatTrak™ Ursus Knife | Rust Coat,133.31
176050463,Weapon,★ Stiletto Knife | Crimson Web,
176057010,Weapon,★ StatTrak™ Navaja Knife | Rust Coat,93.57
176057824,Weapon,★ StatTrak™ Talon Knife | Damascus Steel,391.02
176055276,Weapon,★ StatTrak™ Stiletto Knife | Tiger Tooth,496.61
176072145,Weapon,★ StatTrak™ Navaja Knife | Damascus Steel,91.69
176057413,Weapon,★ StatTrak™ Ursus Knife | Marble Fade,419.37
176074553,Weapon,★ StatTrak™ Stiletto Knife | Damascus Steel,294.0
176075976,Weapon,★ StatTrak™ Talon Knife | Scorched,341.01
176076761,Weapon,★ Talon Knife | Boreal Forest,459.79
176021516,Weapon,★ StatTrak™ Talon Knife | Fade,
13188729,Weapon,★ StatTrak™ Huntsman Knife | Crimson Web,127.8
176056596,Weapon,★ StatTrak™ Talon Knife | Tiger Tooth,595.77
176084464,Weapon,★ StatTrak™ Navaja Knife | Forest DDPAT,
176077821,Weapon,★ StatTrak™ Talon Knife | Urban Masked,
176054680,Weapon,★ StatTrak™ Talon Knife | Doppler,1045.76
176089338,Weapon,X-Ray P250 Package,2.84
176091942,Weapon,★ Classic Knife,590.56
176091951,Weapon,★ StatTrak™ Classic Knife,419.99
176092137,Weapon,★ StatTrak™ Classic Knife | Crimson Web,368.88
12091458,Weapon,★ StatTrak™ Bayonet | Urban Masked,377.91
176092069,Weapon,★ StatTrak™ Classic Knife | Boreal Forest,137.33
176092120,Weapon,★ StatTrak™ Classic Knife | Safari Mesh,129.98
176092132,Weapon,★ StatTrak™ Classic Knife | Slaughter,439.8
176092357,Weapon,★ Classic Knife | Safari Mesh,195.73
176092141,Weapon,★ StatTrak™ Classic Knife | Urban Masked,156.2
176092398,Weapon,★ StatTrak™ Classic Knife | Forest DDPAT,268.79
176092515,Weapon,★ Classic Knife | Boreal Forest,284.0
176093492,Weapon,★ StatTrak™ Classic Knife | Stained,235.89
176073607,Weapon,★ Talon Knife | Ultraviolet,
176094821,Weapon,★ StatTrak™ Stiletto Knife | Marble Fade,544.24
176096401,Weapon,Special Agent Ava | FBI,13.71
176096416,Weapon,'The Doctor' Romanov | Sabre,6.54
176096555,Weapon,3rd Commando Company | KSK,4.91
176096463,Weapon,Lt. Commander Ricksaw | NSWC SEAL,9.91
176096473,Weapon,The Elite Mr. Muhlik | Elite Crew,4.16
176096437,Weapon,Seal Team 6 Soldier | NSWC SEAL,4.07
176096539,Weapon,Blackwolf | Sabre,3.38
176096392,Weapon,Rezan The Ready | Sabre,3.24
176096507,Weapon,'Two Times' McCoy | USAF TACP,2.63
176096486,Weapon,Slingshot | Phoenix,2.9
176096519,Weapon,Buckshot | NSWC SEAL,2.3
176096475,Weapon,Maximus | Sabre,1.82
176096497,Weapon,B Squadron Officer | SAS,5.26
176096562,Weapon,Osiris | Elite Crew,1.54
176096394,Weapon,Dragomir | Sabre,1.99
176096520,Weapon,Prof. Shahmat | Elite Crew,1.86
176096516,Weapon,Operator | FBI SWAT,3.37
176096419,Weapon,Soldier | Phoenix,1.76
176096444,Weapon,Enforcer | Phoenix,2.11
176096492,Weapon,Michael Syfers  | FBI Sniper,3.2
176096538,Weapon,Markus Delrow | FBI HRT,2.19
176096496,Weapon,Ground Rebel  | Elite Crew,1.37
176097463,Weapon,★ Paracord Knife,427.23
176097611,Weapon,★ Skeleton Knife | Crimson Web,1282.47
176097606,Weapon,AWP | Gungnir,1667.92
176097663,Weapon,AWP | Gungnir,1041.56
176097680,Weapon,AWP | The Prince,
176097523,Weapon,★ Skeleton Knife | Fade,1772.98
176097581,Weapon,AK-47 | Wild Lotus,1326.29
176097569,Weapon,★ StatTrak™ Skeleton Knife | Scorched,319.28
176097621,Weapon,★ StatTrak™ Survival Knife | Night Stripe,129.39
176097527,Weapon,AWP | The Prince,1610.82
176097701,Weapon,★ Survival Knife | Crimson Web,238.23
176097840,Weapon,AWP | The Prince,
176097685,Weapon,★ StatTrak™ Paracord Knife | Forest DDPAT,139.31
176097602,Weapon,★ Nomad Knife | Fade,984.24
176097784,Weapon,★ Survival Knife | Urban Masked,209.3
176097528,Weapon,★ StatTrak™ Nomad Knife | Boreal Forest,173.38
176097609,Weapon,AWP | The Prince,677.36
176097788,Weapon,★ StatTrak™ Skeleton Knife | Boreal Forest,270.62
176097705,Weapon,★ StatTrak™ Skeleton Knife,946.0
176097709,Weapon,★ Skeleton Knife | Boreal Forest,290.31
176097585,Weapon,★ StatTrak™ Paracord Knife,263.85
176097691,Weapon,★ StatTrak™ Skeleton Knife | Case Hardened,619.0
176097457,Weapon,★ Skeleton Knife | Urban Masked,305.91
176097893,Weapon,★ StatTrak™ Survival Knife | Forest DDPAT,143.8
176097590,Weapon,Negev | Mjölnir,273.76
176097545,Weapon,★ Skeleton Knife | Blue Steel,505.75
176097535,Weapon,AWP | Gungnir,1715.07
176097591,Weapon,★ Skeleton Knife | Forest DDPAT,309.54
176097661,Weapon,★ Nomad Knife | Boreal Forest,218.25
176097790,Weapon,★ Nomad Knife | Scorched,149.68
176097603,Weapon,AK-47 | Wild Lotus,1185.45
176097760,Weapon,★ StatTrak™ Survival Knife | Safari Mesh,108.03
176097393,Weapon,★ StatTrak™ Nomad Knife,456.98
176097648,Weapon,★ StatTrak™ Survival Knife | Case Hardened,175.18
176097703,Weapon,★ Survival Knife | Stained,149.0
176097757,Weapon,★ StatTrak™ Skeleton Knife | Fade,1715.0
176097704,Weapon,★ Paracord Knife | Scorched,123.99
176097618,Weapon,★ Survival Knife | Fade,444.83
176097835,Weapon,★ Skeleton Knife | Crimson Web,1350.0
176097759,Weapon,★ StatTrak™ Skeleton Knife | Blue Steel,448.49
176098011,Weapon,★ StatTrak™ Skeleton Knife | Urban Masked,284.23
176098007,Weapon,★ StatTrak™ Nomad Knife | Boreal Forest,217.0
176097582,Weapon,★ StatTrak™ Nomad Knife | Case Hardened,345.33
176097538,Weapon,Negev | Mjölnir,
176097852,Weapon,★ StatTrak™ Skeleton Knife | Crimson Web,
176097876,Weapon,★ StatTrak™ Skeleton Knife | Boreal Forest,317.47
176097883,Weapon,★ Skeleton Knife | Crimson Web,1423.75
176097888,Weapon,★ Paracord Knife | Urban Masked,180.24
176097697,Weapon,★ Paracord Knife | Urban Masked,112.62
176096910,Weapon,★ Nomad Knife,749.85
176097124,Weapon,★ Skeleton Knife,1204.37
