Weapon,Skin,Link
CZ75-Auto,Victoria,https://csgostash.com/skin/262/CZ75-Auto-Victoria
CZ75-Auto,Xiangliu,https://csgostash.com/skin/846/CZ75-Auto-Xiangliu
CZ75-Auto,Yellow Jacket,https://csgostash.com/skin/572/CZ75-Auto-Yellow-Jacket
CZ75-Auto,The Fuschia Is Now,https://csgostash.com/skin/260/CZ75-Auto-The-Fuschia-Is-Now
CZ75-Auto,Eco,https://csgostash.com/skin/938/CZ75-Auto-Eco
CZ75-Auto,Tacticat,https://csgostash.com/skin/906/CZ75-Auto-Tacticat
CZ75-Auto,Red Astor,https://csgostash.com/skin/737/CZ75-Auto-Red-Astor
CZ75-Auto,Pole Position,https://csgostash.com/skin/559/CZ75-Auto-Pole-Position
CZ75-Auto,Tigris,https://csgostash.com/skin/401/CZ75-Auto-Tigris
CZ75-Auto,Tread Plate,https://csgostash.com/skin/256/CZ75-Auto-Tread-Plate
CZ75-Auto,Syndicate,https://csgostash.com/skin/1424/CZ75-Auto-Syndicate
CZ75-Auto,Chalice,https://csgostash.com/skin/436/CZ75-Auto-Chalice
CZ75-Auto,Circaetus,https://csgostash.com/skin/1367/CZ75-Auto-Circaetus
CZ75-Auto,Vendetta,https://csgostash.com/skin/1286/CZ75-Auto-Vendetta
CZ75-Auto,Distressed,https://csgostash.com/skin/1253/CZ75-Auto-Distressed
CZ75-Auto,Polymer,https://csgostash.com/skin/816/CZ75-Auto-Polymer
CZ75-Auto,Imprint,https://csgostash.com/skin/801/CZ75-Auto-Imprint
CZ75-Auto,Hexane,https://csgostash.com/skin/477/CZ75-Auto-Hexane
CZ75-Auto,Twist,https://csgostash.com/skin/385/CZ75-Auto-Twist
CZ75-Auto,Poison Dart,https://csgostash.com/skin/346/CZ75-Auto-Poison-Dart
CZ75-Auto,Crimson Web,https://csgostash.com/skin/251/CZ75-Auto-Crimson-Web
CZ75-Auto,Emerald Quartz,https://csgostash.com/skin/1174/CZ75-Auto-Emerald-Quartz
CZ75-Auto,Emerald,https://csgostash.com/skin/595/CZ75-Auto-Emerald
CZ75-Auto,Nitro,https://csgostash.com/skin/442/CZ75-Auto-Nitro
CZ75-Auto,Tuxedo,https://csgostash.com/skin/358/CZ75-Auto-Tuxedo
CZ75-Auto,Midnight Palm,https://csgostash.com/skin/1405/CZ75-Auto-Midnight-Palm
CZ75-Auto,Silver,https://csgostash.com/skin/1349/CZ75-Auto-Silver
CZ75-Auto,Framework,https://csgostash.com/skin/1437/CZ75-Auto-Framework
CZ75-Auto,Jungle Dashed,https://csgostash.com/skin/1307/CZ75-Auto-Jungle-Dashed
CZ75-Auto,Indigo,https://csgostash.com/skin/1150/CZ75-Auto-Indigo
CZ75-Auto,Army Sheen,https://csgostash.com/skin/585/CZ75-Auto-Army-Sheen
CZ75-Auto,Green Plaid,https://csgostash.com/skin/414/CZ75-Auto-Green-Plaid
Desert Eagle,Ocean Drive,https://csgostash.com/skin/1468/Desert-Eagle-Ocean-Drive
Desert Eagle,Printstream,https://csgostash.com/skin/1284/Desert-Eagle-Printstream
Desert Eagle,Code Red,https://csgostash.com/skin/947/Desert-Eagle-Code-Red
Desert Eagle,Golden Koi,https://csgostash.com/skin/120/Desert-Eagle-Golden-Koi
Desert Eagle,Mecha Industries,https://csgostash.com/skin/1050/Desert-Eagle-Mecha-Industries
Desert Eagle,Kumicho Dragon,https://csgostash.com/skin/718/Desert-Eagle-Kumicho-Dragon
Desert Eagle,Conspiracy,https://csgostash.com/skin/402/Desert-Eagle-Conspiracy
Desert Eagle,Cobalt Disruption,https://csgostash.com/skin/240/Desert-Eagle-Cobalt-Disruption
Desert Eagle,Hypnotic,https://csgostash.com/skin/83/Desert-Eagle-Hypnotic
Desert Eagle,Fennec Fox,https://csgostash.com/skin/1415/Desert-Eagle-Fennec-Fox
Desert Eagle,Trigger Discipline,https://csgostash.com/skin/1372/Desert-Eagle-Trigger-Discipline
Desert Eagle,Light Rail,https://csgostash.com/skin/1065/Desert-Eagle-Light-Rail
Desert Eagle,Directive,https://csgostash.com/skin/802/Desert-Eagle-Directive
Desert Eagle,Naga,https://csgostash.com/skin/511/Desert-Eagle-Naga
Desert Eagle,Crimson Web,https://csgostash.com/skin/471/Desert-Eagle-Crimson-Web
Desert Eagle,Heirloom,https://csgostash.com/skin/258/Desert-Eagle-Heirloom
Desert Eagle,Emerald Jörmungandr,https://csgostash.com/skin/1178/Desert-Eagle-Emerald-J%C3%B6rmungandr
Desert Eagle,Sunset Storm 壱,https://csgostash.com/skin/625/Desert-Eagle-Sunset-Storm-%E5%A3%B1
Desert Eagle,Sunset Storm 弐,https://csgostash.com/skin/626/Desert-Eagle-Sunset-Storm-%E5%BC%90
Desert Eagle,Hand Cannon,https://csgostash.com/skin/432/Desert-Eagle-Hand-Cannon
Desert Eagle,Pilot,https://csgostash.com/skin/419/Desert-Eagle-Pilot
Desert Eagle,Blaze,https://csgostash.com/skin/68/Desert-Eagle-Blaze
Desert Eagle,Blue Ply,https://csgostash.com/skin/1254/Desert-Eagle-Blue-Ply
Desert Eagle,Oxide Blaze,https://csgostash.com/skin/835/Desert-Eagle-Oxide-Blaze
Desert Eagle,Corinthian,https://csgostash.com/skin/676/Desert-Eagle-Corinthian
Desert Eagle,Bronze Deco,https://csgostash.com/skin/565/Desert-Eagle-Bronze-Deco
Desert Eagle,Sputnik,https://csgostash.com/skin/1417/Desert-Eagle-Sputnik
Desert Eagle,Night Heist,https://csgostash.com/skin/1331/Desert-Eagle-Night-Heist
Desert Eagle,Meteorite,https://csgostash.com/skin/359/Desert-Eagle-Meteorite
Desert Eagle,Urban Rubble,https://csgostash.com/skin/215/Desert-Eagle-Urban-Rubble
Desert Eagle,The Bronze,https://csgostash.com/skin/1308/Desert-Eagle-The-Bronze
Desert Eagle,Midnight Storm,https://csgostash.com/skin/620/Desert-Eagle-Midnight-Storm
Desert Eagle,Night,https://csgostash.com/skin/588/Desert-Eagle-Night
Desert Eagle,Urban DDPAT,https://csgostash.com/skin/438/Desert-Eagle-Urban-DDPAT
Desert Eagle,Mudder,https://csgostash.com/skin/168/Desert-Eagle-Mudder
Dual Berettas,Melondrama,https://csgostash.com/skin/1512/Dual-Berettas-Melondrama
Dual Berettas,Cobra Strike,https://csgostash.com/skin/892/Dual-Berettas-Cobra-Strike
Dual Berettas,Twin Turbo,https://csgostash.com/skin/1034/Dual-Berettas-Twin-Turbo
Dual Berettas,Flora Carnivora,https://csgostash.com/skin/1528/Dual-Berettas-Flora-Carnivora
Dual Berettas,Dezastre,https://csgostash.com/skin/1294/Dual-Berettas-Dezastre
Dual Berettas,Royal Consorts,https://csgostash.com/skin/823/Dual-Berettas-Royal-Consorts
Dual Berettas,Urban Shock,https://csgostash.com/skin/522/Dual-Berettas-Urban-Shock
Dual Berettas,Marina,https://csgostash.com/skin/231/Dual-Berettas-Marina
Dual Berettas,Hemoglobin,https://csgostash.com/skin/129/Dual-Berettas-Hemoglobin
Dual Berettas,Duelist,https://csgostash.com/skin/597/Dual-Berettas-Duelist
Dual Berettas,Cobalt Quartz,https://csgostash.com/skin/172/Dual-Berettas-Cobalt-Quartz
Dual Berettas,Demolition,https://csgostash.com/skin/53/Dual-Berettas-Demolition
Dual Berettas,Tread,https://csgostash.com/skin/1454/Dual-Berettas-Tread
Dual Berettas,Balance,https://csgostash.com/skin/1186/Dual-Berettas-Balance
Dual Berettas,Elite 1.6,https://csgostash.com/skin/1098/Dual-Berettas-Elite-16
Dual Berettas,Shred,https://csgostash.com/skin/932/Dual-Berettas-Shred
Dual Berettas,Ventilators,https://csgostash.com/skin/738/Dual-Berettas-Ventilators
Dual Berettas,Cartel,https://csgostash.com/skin/707/Dual-Berettas-Cartel
Dual Berettas,Dualing Dragons,https://csgostash.com/skin/643/Dual-Berettas-Dualing-Dragons
Dual Berettas,Retribution,https://csgostash.com/skin/343/Dual-Berettas-Retribution
Dual Berettas,Panther,https://csgostash.com/skin/253/Dual-Berettas-Panther
Dual Berettas,Black Limba,https://csgostash.com/skin/118/Dual-Berettas-Black-Limba
Dual Berettas,Emerald,https://csgostash.com/skin/1157/Dual-Berettas-Emerald
Dual Berettas,Anodized Navy,https://csgostash.com/skin/47/Dual-Berettas-Anodized-Navy
Dual Berettas,Drift Wood,https://csgostash.com/skin/1403/Dual-Berettas-Drift-Wood
Dual Berettas,Switch Board,https://csgostash.com/skin/1309/Dual-Berettas-Switch-Board
Dual Berettas,Pyre,https://csgostash.com/skin/1172/Dual-Berettas-Pyre
Dual Berettas,Stained,https://csgostash.com/skin/162/Dual-Berettas-Stained
Dual Berettas,Oil Change,https://csgostash.com/skin/1438/Dual-Berettas-Oil-Change
Dual Berettas,Heist,https://csgostash.com/skin/1322/Dual-Berettas-Heist
Dual Berettas,Moon in Libra,https://csgostash.com/skin/602/Dual-Berettas-Moon-in-Libra
Dual Berettas,Briar,https://csgostash.com/skin/428/Dual-Berettas-Briar
Dual Berettas,Contractor,https://csgostash.com/skin/196/Dual-Berettas-Contractor
Dual Berettas,Colony,https://csgostash.com/skin/213/Dual-Berettas-Colony
Five-SeveN,Angry Mob,https://csgostash.com/skin/1071/Five-SeveN-Angry-Mob
Five-SeveN,Hyper Beast,https://csgostash.com/skin/895/Five-SeveN-Hyper-Beast
Five-SeveN,Fairy Tale,https://csgostash.com/skin/1298/Five-SeveN-Fairy-Tale
Five-SeveN,Monkey Business,https://csgostash.com/skin/557/Five-SeveN-Monkey-Business
Five-SeveN,Fowl Play,https://csgostash.com/skin/403/Five-SeveN-Fowl-Play
Five-SeveN,Fall Hazard,https://csgostash.com/skin/1450/Five-SeveN-Fall-Hazard
Five-SeveN,Boost Protocol,https://csgostash.com/skin/1462/Five-SeveN-Boost-Protocol
Five-SeveN,Buddy,https://csgostash.com/skin/1107/Five-SeveN-Buddy
Five-SeveN,Triumvirate,https://csgostash.com/skin/713/Five-SeveN-Triumvirate
Five-SeveN,Retrobution,https://csgostash.com/skin/682/Five-SeveN-Retrobution
Five-SeveN,Copper Galaxy,https://csgostash.com/skin/259/Five-SeveN-Copper-Galaxy
Five-SeveN,Case Hardened,https://csgostash.com/skin/131/Five-SeveN-Case-Hardened
Five-SeveN,Berries And Cherries,https://csgostash.com/skin/1317/Five-SeveN-Berries-And-Cherries
Five-SeveN,Neon Kimono,https://csgostash.com/skin/624/Five-SeveN-Neon-Kimono
Five-SeveN,Scrawl,https://csgostash.com/skin/1500/Five-SeveN-Scrawl
Five-SeveN,Flame Test,https://csgostash.com/skin/915/Five-SeveN-Flame-Test
Five-SeveN,Capillary,https://csgostash.com/skin/836/Five-SeveN-Capillary
Five-SeveN,Scumbria,https://csgostash.com/skin/804/Five-SeveN-Scumbria
Five-SeveN,Violent Daimyo,https://csgostash.com/skin/768/Five-SeveN-Violent-Daimyo
Five-SeveN,Urban Hazard,https://csgostash.com/skin/496/Five-SeveN-Urban-Hazard
Five-SeveN,Nightshade,https://csgostash.com/skin/249/Five-SeveN-Nightshade
Five-SeveN,Kami,https://csgostash.com/skin/227/Five-SeveN-Kami
Five-SeveN,Crimson Blossom,https://csgostash.com/skin/1138/Five-SeveN-Crimson-Blossom
Five-SeveN,Nitro,https://csgostash.com/skin/594/Five-SeveN-Nitro
Five-SeveN,Silver Quartz,https://csgostash.com/skin/205/Five-SeveN-Silver-Quartz
Five-SeveN,Withered Vine,https://csgostash.com/skin/1386/Five-SeveN-Withered-Vine
Five-SeveN,Hot Shot,https://csgostash.com/skin/493/Five-SeveN-Hot-Shot
Five-SeveN,Orange Peel,https://csgostash.com/skin/142/Five-SeveN-Orange-Peel
Five-SeveN,Candy Apple,https://csgostash.com/skin/16/Five-SeveN-Candy-Apple
Five-SeveN,Coolant,https://csgostash.com/skin/1003/Five-SeveN-Coolant
Five-SeveN,Contractor,https://csgostash.com/skin/183/Five-SeveN-Contractor
Five-SeveN,Forest Night,https://csgostash.com/skin/217/Five-SeveN-Forest-Night
Five-SeveN,Anodized Gunmetal,https://csgostash.com/skin/99/Five-SeveN-Anodized-Gunmetal
Five-SeveN,Jungle,https://csgostash.com/skin/57/Five-SeveN-Jungle
Glock-18,Neo-Noir,https://csgostash.com/skin/1302/Glock-18-Neo-Noir
Glock-18,Bullet Queen,https://csgostash.com/skin/1267/Glock-18-Bullet-Queen
Glock-18,Wasteland Rebel,https://csgostash.com/skin/753/Glock-18-Wasteland-Rebel
Glock-18,Gamma Doppler,https://csgostash.com/skin/1432/Glock-18-Gamma-Doppler
Glock-18,Snack Attack,https://csgostash.com/skin/1466/Glock-18-Snack-Attack
Glock-18,Vogue,https://csgostash.com/skin/1282/Glock-18-Vogue
Glock-18,Water Elemental,https://csgostash.com/skin/404/Glock-18-Water-Elemental
Glock-18,Twilight Galaxy,https://csgostash.com/skin/598/Glock-18-Twilight-Galaxy
Glock-18,Umbral Rabbit,https://csgostash.com/skin/1542/Glock-18-Umbral-Rabbit
Glock-18,Moonrise,https://csgostash.com/skin/921/Glock-18-Moonrise
Glock-18,Weasel,https://csgostash.com/skin/806/Glock-18-Weasel
Glock-18,Royal Legion,https://csgostash.com/skin/714/Glock-18-Royal-Legion
Glock-18,Grinder,https://csgostash.com/skin/498/Glock-18-Grinder
Glock-18,Steel Disruption,https://csgostash.com/skin/472/Glock-18-Steel-Disruption
Glock-18,Dragon Tattoo,https://csgostash.com/skin/84/Glock-18-Dragon-Tattoo
Glock-18,Pink DDPAT,https://csgostash.com/skin/1412/Glock-18-Pink-DDPAT
Glock-18,Franklin,https://csgostash.com/skin/1337/Glock-18-Franklin
Glock-18,Synth Leaf,https://csgostash.com/skin/1142/Glock-18-Synth-Leaf
Glock-18,Nuclear Garden,https://csgostash.com/skin/1015/Glock-18-Nuclear-Garden
Glock-18,Fade,https://csgostash.com/skin/9/Glock-18-Fade
Glock-18,Brass,https://csgostash.com/skin/66/Glock-18-Brass
Glock-18,Winterized,https://csgostash.com/skin/1523/Glock-18-Winterized
Glock-18,Clear Polymer,https://csgostash.com/skin/1361/Glock-18-Clear-Polymer
Glock-18,Sacrifice,https://csgostash.com/skin/1104/Glock-18-Sacrifice
Glock-18,Oxide Blaze,https://csgostash.com/skin/1038/Glock-18-Oxide-Blaze
Glock-18,Warhawk,https://csgostash.com/skin/933/Glock-18-Warhawk
Glock-18,Off World,https://csgostash.com/skin/900/Glock-18-Off-World
Glock-18,Ironwork,https://csgostash.com/skin/817/Glock-18-Ironwork
Glock-18,Wraiths,https://csgostash.com/skin/645/Glock-18-Wraiths
Glock-18,Bunsen Burner,https://csgostash.com/skin/582/Glock-18-Bunsen-Burner
Glock-18,Catacombs,https://csgostash.com/skin/513/Glock-18-Catacombs
Glock-18,Blue Fissure,https://csgostash.com/skin/255/Glock-18-Blue-Fissure
Glock-18,Reactor,https://csgostash.com/skin/484/Glock-18-Reactor
Glock-18,Candy Apple,https://csgostash.com/skin/160/Glock-18-Candy-Apple
Glock-18,Red Tire,https://csgostash.com/skin/1439/Glock-18-Red-Tire
Glock-18,High Beam,https://csgostash.com/skin/1026/Glock-18-High-Beam
Glock-18,Night,https://csgostash.com/skin/440/Glock-18-Night
Glock-18,Death Rattle,https://csgostash.com/skin/362/Glock-18-Death-Rattle
Glock-18,Groundwater,https://csgostash.com/skin/192/Glock-18-Groundwater
Glock-18,Sand Dune,https://csgostash.com/skin/108/Glock-18-Sand-Dune
P2000,Fire Elemental,https://csgostash.com/skin/504/P2000-Fire-Elemental
P2000,Wicked Sick,https://csgostash.com/skin/1547/P2000-Wicked-Sick
P2000,Imperial Dragon,https://csgostash.com/skin/755/P2000-Imperial-Dragon
P2000,Corticera,https://csgostash.com/skin/466/P2000-Corticera
P2000,Ocean Foam,https://csgostash.com/skin/117/P2000-Ocean-Foam
P2000,Acid Etched,https://csgostash.com/skin/1258/P2000-Acid-Etched
P2000,Obsidian,https://csgostash.com/skin/1193/P2000-Obsidian
P2000,Woodsman,https://csgostash.com/skin/888/P2000-Woodsman
P2000,Handgun,https://csgostash.com/skin/573/P2000-Handgun
P2000,Space Race,https://csgostash.com/skin/1426/P2000-Space-Race
P2000,Amber Fade,https://csgostash.com/skin/143/P2000-Amber-Fade
P2000,Scorpion,https://csgostash.com/skin/67/P2000-Scorpion
P2000,Lifted Spirits,https://csgostash.com/skin/1504/P2000-Lifted-Spirits
P2000,Gnarled,https://csgostash.com/skin/1270/P2000-Gnarled
P2000,Urban Hazard,https://csgostash.com/skin/917/P2000-Urban-Hazard
P2000,Turf,https://csgostash.com/skin/822/P2000-Turf
P2000,Oceanic,https://csgostash.com/skin/744/P2000-Oceanic
P2000,Imperial,https://csgostash.com/skin/677/P2000-Imperial
P2000,Ivory,https://csgostash.com/skin/405/P2000-Ivory
P2000,Pulse,https://csgostash.com/skin/387/P2000-Pulse
P2000,Red FragCam,https://csgostash.com/skin/252/P2000-Red-FragCam
P2000,Dispatch,https://csgostash.com/skin/1314/P2000-Dispatch
P2000,Chainmail,https://csgostash.com/skin/433/P2000-Chainmail
P2000,Silver,https://csgostash.com/skin/20/P2000-Silver
P2000,Panther Camo,https://csgostash.com/skin/1346/P2000-Panther-Camo
P2000,Pathfinder,https://csgostash.com/skin/605/P2000-Pathfinder
P2000,Coach Class,https://csgostash.com/skin/410/P2000-Coach-Class
P2000,Grassland,https://csgostash.com/skin/441/P2000-Grassland
P2000,Granite Marbleized,https://csgostash.com/skin/161/P2000-Granite-Marbleized
P2000,Grassland Leaves,https://csgostash.com/skin/41/P2000-Grassland-Leaves
P250,See Ya Later,https://csgostash.com/skin/913/P250-See-Ya-Later
P250,Visions,https://csgostash.com/skin/1530/P250-Visions
P250,Asiimov,https://csgostash.com/skin/745/P250-Asiimov
P250,Muertos,https://csgostash.com/skin/518/P250-Muertos
P250,Cartel,https://csgostash.com/skin/503/P250-Cartel
P250,Undertow,https://csgostash.com/skin/261/P250-Undertow
P250,Mehndi,https://csgostash.com/skin/235/P250-Mehndi
P250,Franklin,https://csgostash.com/skin/356/P250-Franklin
P250,Cyber Shell,https://csgostash.com/skin/1369/P250-Cyber-Shell
P250,Inferno,https://csgostash.com/skin/1108/P250-Inferno
P250,X-Ray,https://csgostash.com/skin/1097/P250-X-Ray
P250,Nevermore,https://csgostash.com/skin/1047/P250-Nevermore
P250,Red Rock,https://csgostash.com/skin/889/P250-Red-Rock
P250,Wingshot,https://csgostash.com/skin/653/P250-Wingshot
P250,Supernova,https://csgostash.com/skin/397/P250-Supernova
P250,Splash,https://csgostash.com/skin/75/P250-Splash
P250,Digital Architect,https://csgostash.com/skin/1449/P250-Digital-Architect
P250,Vino Primo,https://csgostash.com/skin/1031/P250-Vino-Primo
P250,Nuclear Threat,https://csgostash.com/skin/29/P250-Nuclear-Threat
P250,Re.built,https://csgostash.com/skin/1537/P250-Rebuilt
P250,Contaminant,https://csgostash.com/skin/1290/P250-Contaminant
P250,Cassette,https://csgostash.com/skin/1273/P250-Cassette
P250,Verdigris,https://csgostash.com/skin/1061/P250-Verdigris
P250,Ripple,https://csgostash.com/skin/838/P250-Ripple
P250,Iron Clad,https://csgostash.com/skin/765/P250-Iron-Clad
P250,Valence,https://csgostash.com/skin/564/P250-Valence
P250,Steel Disruption,https://csgostash.com/skin/246/P250-Steel-Disruption
P250,Hive,https://csgostash.com/skin/130/P250-Hive
P250,Black & Tan,https://csgostash.com/skin/1388/P250-Black-&-Tan
P250,Bengal Tiger,https://csgostash.com/skin/1334/P250-Bengal-Tiger
P250,Exchanger,https://csgostash.com/skin/1011/P250-Exchanger
P250,Whiteout,https://csgostash.com/skin/592/P250-Whiteout
P250,Modern Hunter,https://csgostash.com/skin/37/P250-Modern-Hunter
P250,Dark Filigree,https://csgostash.com/skin/1153/P250-Dark-Filigree
P250,Crimson Kimono,https://csgostash.com/skin/619/P250-Crimson-Kimono
P250,Contamination,https://csgostash.com/skin/492/P250-Contamination
P250,Metallic DDPAT,https://csgostash.com/skin/212/P250-Metallic-DDPAT
P250,Facets,https://csgostash.com/skin/100/P250-Facets
P250,Gunsmoke,https://csgostash.com/skin/46/P250-Gunsmoke
P250,Drought,https://csgostash.com/skin/1398/P250-Drought
P250,Forest Night,https://csgostash.com/skin/1306/P250-Forest-Night
P250,Facility Draft,https://csgostash.com/skin/1001/P250-Facility-Draft
P250,Mint Kimono,https://csgostash.com/skin/618/P250-Mint-Kimono
P250,Boreal Forest,https://csgostash.com/skin/166/P250-Boreal-Forest
P250,Sand Dune,https://csgostash.com/skin/137/P250-Sand-Dune
P250,Bone Mask,https://csgostash.com/skin/181/P250-Bone-Mask
R8 Revolver,Fade,https://csgostash.com/skin/672/R8-Revolver-Fade
R8 Revolver,Skull Crusher,https://csgostash.com/skin/1068/R8-Revolver-Skull-Crusher
R8 Revolver,Llama Cannon,https://csgostash.com/skin/911/R8-Revolver-Llama-Cannon
R8 Revolver,Amber Fade,https://csgostash.com/skin/689/R8-Revolver-Amber-Fade
R8 Revolver,Banana Cannon,https://csgostash.com/skin/1544/R8-Revolver-Banana-Cannon
R8 Revolver,Crazy 8,https://csgostash.com/skin/1524/R8-Revolver-Crazy-8
R8 Revolver,Reboot,https://csgostash.com/skin/758/R8-Revolver-Reboot
R8 Revolver,Junk Yard,https://csgostash.com/skin/1364/R8-Revolver-Junk-Yard
R8 Revolver,Bone Forged,https://csgostash.com/skin/1257/R8-Revolver-Bone-Forged
R8 Revolver,Memento,https://csgostash.com/skin/1185/R8-Revolver-Memento
R8 Revolver,Survivalist,https://csgostash.com/skin/936/R8-Revolver-Survivalist
R8 Revolver,Grip,https://csgostash.com/skin/918/R8-Revolver-Grip
R8 Revolver,Crimson Web,https://csgostash.com/skin/674/R8-Revolver-Crimson-Web
R8 Revolver,Blaze,https://csgostash.com/skin/1423/R8-Revolver-Blaze
R8 Revolver,Phoenix Marker,https://csgostash.com/skin/1329/R8-Revolver-Phoenix-Marker
R8 Revolver,Nitro,https://csgostash.com/skin/1025/R8-Revolver-Nitro
R8 Revolver,Desert Brush,https://csgostash.com/skin/1379/R8-Revolver-Desert-Brush
R8 Revolver,Night,https://csgostash.com/skin/1345/R8-Revolver-Night
R8 Revolver,Canal Spray,https://csgostash.com/skin/1148/R8-Revolver-Canal-Spray
R8 Revolver,Bone Mask,https://csgostash.com/skin/690/R8-Revolver-Bone-Mask
Tec-9,Decimator,https://csgostash.com/skin/1194/Tec-9-Decimator
Tec-9,Fuel Injector,https://csgostash.com/skin/813/Tec-9-Fuel-Injector
Tec-9,Remote Control,https://csgostash.com/skin/1016/Tec-9-Remote-Control
Tec-9,Brother,https://csgostash.com/skin/1277/Tec-9-Brother
Tec-9,Bamboozle,https://csgostash.com/skin/1064/Tec-9-Bamboozle
Tec-9,Re-Entry,https://csgostash.com/skin/749/Tec-9-Re-Entry
Tec-9,Avalanche,https://csgostash.com/skin/684/Tec-9-Avalanche
Tec-9,Titanium Bit,https://csgostash.com/skin/257/Tec-9-Titanium-Bit
Tec-9,Red Quartz,https://csgostash.com/skin/216/Tec-9-Red-Quartz
Tec-9,Nuclear Threat,https://csgostash.com/skin/28/Tec-9-Nuclear-Threat
Tec-9,Rebel,https://csgostash.com/skin/1540/Tec-9-Rebel
Tec-9,Flash Out,https://csgostash.com/skin/1099/Tec-9-Flash-Out
Tec-9,Fubar,https://csgostash.com/skin/1043/Tec-9-Fubar
Tec-9,Snek-9,https://csgostash.com/skin/937/Tec-9-Snek-9
Tec-9,Cracked Opal,https://csgostash.com/skin/902/Tec-9-Cracked-Opal
Tec-9,Cut Out,https://csgostash.com/skin/885/Tec-9-Cut-Out
Tec-9,Ice Cap,https://csgostash.com/skin/762/Tec-9-Ice-Cap
Tec-9,Jambiya,https://csgostash.com/skin/710/Tec-9-Jambiya
Tec-9,Isaac,https://csgostash.com/skin/341/Tec-9-Isaac
Tec-9,Sandstorm,https://csgostash.com/skin/265/Tec-9-Sandstorm
Tec-9,Blue Titanium,https://csgostash.com/skin/133/Tec-9-Blue-Titanium
Tec-9,Safety Net,https://csgostash.com/skin/1422/Tec-9-Safety-Net
Tec-9,Blast From the Past,https://csgostash.com/skin/1350/Tec-9-Blast-From-the-Past
Tec-9,Terrace,https://csgostash.com/skin/623/Tec-9-Terrace
Tec-9,Toxic,https://csgostash.com/skin/483/Tec-9-Toxic
Tec-9,Brass,https://csgostash.com/skin/45/Tec-9-Brass
Tec-9,Ossified,https://csgostash.com/skin/58/Tec-9-Ossified
Tec-9,Rust Leaf,https://csgostash.com/skin/1136/Tec-9-Rust-Leaf
Tec-9,Orange Murano,https://csgostash.com/skin/1154/Tec-9-Orange-Murano
Tec-9,Hades,https://csgostash.com/skin/604/Tec-9-Hades
Tec-9,VariCamo,https://csgostash.com/skin/148/Tec-9-VariCamo
Tec-9,Phoenix Chalk,https://csgostash.com/skin/1323/Tec-9-Phoenix-Chalk
Tec-9,Bamboo Forest,https://csgostash.com/skin/616/Tec-9-Bamboo-Forest
Tec-9,Urban DDPAT,https://csgostash.com/skin/369/Tec-9-Urban-DDPAT
Tec-9,Groundwater,https://csgostash.com/skin/152/Tec-9-Groundwater
Tec-9,Army Mesh,https://csgostash.com/skin/204/Tec-9-Army-Mesh
Tec-9,Tornado,https://csgostash.com/skin/105/Tec-9-Tornado
USP-S,Printstream,https://csgostash.com/skin/1532/USP-S-Printstream
USP-S,The Traitor,https://csgostash.com/skin/1376/USP-S-The-Traitor
USP-S,Neo-Noir,https://csgostash.com/skin/849/USP-S-Neo-Noir
USP-S,Kill Confirmed,https://csgostash.com/skin/658/USP-S-Kill-Confirmed
USP-S,Monster Mashup,https://csgostash.com/skin/1300/USP-S-Monster-Mashup
USP-S,Cortex,https://csgostash.com/skin/928/USP-S-Cortex
USP-S,Caiman,https://csgostash.com/skin/390/USP-S-Caiman
USP-S,Orion,https://csgostash.com/skin/353/USP-S-Orion
USP-S,Serum,https://csgostash.com/skin/125/USP-S-Serum
USP-S,Whiteout,https://csgostash.com/skin/1431/USP-S-Whiteout
USP-S,Target Acquired,https://csgostash.com/skin/1319/USP-S-Target-Acquired
USP-S,Ticket to Hell,https://csgostash.com/skin/1511/USP-S-Ticket-to-Hell
USP-S,Flashback,https://csgostash.com/skin/1048/USP-S-Flashback
USP-S,Cyrex,https://csgostash.com/skin/827/USP-S-Cyrex
USP-S,Guardian,https://csgostash.com/skin/270/USP-S-Guardian
USP-S,Overgrowth,https://csgostash.com/skin/109/USP-S-Overgrowth
USP-S,Dark Water,https://csgostash.com/skin/85/USP-S-Dark-Water
USP-S,Orange Anolis,https://csgostash.com/skin/1392/USP-S-Orange-Anolis
USP-S,Ancient Visions,https://csgostash.com/skin/1356/USP-S-Ancient-Visions
USP-S,Road Rash,https://csgostash.com/skin/450/USP-S-Road-Rash
USP-S,Black Lotus,https://csgostash.com/skin/1458/USP-S-Black-Lotus
USP-S,Blueprint,https://csgostash.com/skin/880/USP-S-Blueprint
USP-S,Lead Conduit,https://csgostash.com/skin/711/USP-S-Lead-Conduit
USP-S,Torque,https://csgostash.com/skin/578/USP-S-Torque
USP-S,Blood Tiger,https://csgostash.com/skin/478/USP-S-Blood-Tiger
USP-S,Stainless,https://csgostash.com/skin/254/USP-S-Stainless
USP-S,Purple DDPAT,https://csgostash.com/skin/1407/USP-S-Purple-DDPAT
USP-S,Check Engine,https://csgostash.com/skin/1029/USP-S-Check-Engine
USP-S,Business Class,https://csgostash.com/skin/411/USP-S-Business-Class
USP-S,Night Ops,https://csgostash.com/skin/167/USP-S-Night-Ops
USP-S,Pathfinder,https://csgostash.com/skin/1170/USP-S-Pathfinder
USP-S,Para Green,https://csgostash.com/skin/590/USP-S-Para-Green
USP-S,Royal Blue,https://csgostash.com/skin/427/USP-S-Royal-Blue
USP-S,Forest Leaves,https://csgostash.com/skin/207/USP-S-Forest-Leaves
AK-47,Head Shot,https://csgostash.com/skin/1549/AK-47-Head-Shot
AK-47,Nightwish,https://csgostash.com/skin/1515/AK-47-Nightwish
AK-47,Leet Museo,https://csgostash.com/skin/1469/AK-47-Leet-Museo
AK-47,Legion of Anubis,https://csgostash.com/skin/1285/AK-47-Legion-of-Anubis
AK-47,Asiimov,https://csgostash.com/skin/1052/AK-47-Asiimov
AK-47,Neon Rider,https://csgostash.com/skin/946/AK-47-Neon-Rider
AK-47,The Empress,https://csgostash.com/skin/912/AK-47-The-Empress
AK-47,Bloodsport,https://csgostash.com/skin/848/AK-47-Bloodsport
AK-47,Neon Revolution,https://csgostash.com/skin/799/AK-47-Neon-Revolution
AK-47,Fuel Injector,https://csgostash.com/skin/720/AK-47-Fuel-Injector
AK-47,Aquamarine Revenge,https://csgostash.com/skin/569/AK-47-Aquamarine-Revenge
AK-47,Wasteland Rebel,https://csgostash.com/skin/495/AK-47-Wasteland-Rebel
AK-47,Jaguar,https://csgostash.com/skin/468/AK-47-Jaguar
AK-47,Vulcan,https://csgostash.com/skin/354/AK-47-Vulcan
AK-47,Fire Serpent,https://csgostash.com/skin/114/AK-47-Fire-Serpent
AK-47,Gold Arabesque,https://csgostash.com/skin/1397/AK-47-Gold-Arabesque
AK-47,X-Ray,https://csgostash.com/skin/1340/AK-47-X-Ray
AK-47,Wild Lotus,https://csgostash.com/skin/1145/AK-47-Wild-Lotus
AK-47,Ice Coaled,https://csgostash.com/skin/1529/AK-47-Ice-Coaled
AK-47,Phantom Disruptor,https://csgostash.com/skin/1263/AK-47-Phantom-Disruptor
AK-47,Point Disarray,https://csgostash.com/skin/686/AK-47-Point-Disarray
AK-47,Frontside Misty,https://csgostash.com/skin/654/AK-47-Frontside-Misty
AK-47,Cartel,https://csgostash.com/skin/509/AK-47-Cartel
AK-47,Redline,https://csgostash.com/skin/271/AK-47-Redline
AK-47,Case Hardened,https://csgostash.com/skin/82/AK-47-Case-Hardened
AK-47,Red Laminate,https://csgostash.com/skin/78/AK-47-Red-Laminate
AK-47,Panthera onca,https://csgostash.com/skin/1358/AK-47-Panthera-onca
AK-47,Hydroponic,https://csgostash.com/skin/628/AK-47-Hydroponic
AK-47,Jet Set,https://csgostash.com/skin/420/AK-47-Jet-Set
AK-47,Slate,https://csgostash.com/skin/1368/AK-47-Slate
AK-47,Rat Rod,https://csgostash.com/skin/1190/AK-47-Rat-Rod
AK-47,Orbit Mk01,https://csgostash.com/skin/887/AK-47-Orbit-Mk01
AK-47,Blue Laminate,https://csgostash.com/skin/239/AK-47-Blue-Laminate
AK-47,Safety Net,https://csgostash.com/skin/1033/AK-47-Safety-Net
AK-47,First Class,https://csgostash.com/skin/421/AK-47-First-Class
AK-47,Emerald Pinstripe,https://csgostash.com/skin/357/AK-47-Emerald-Pinstripe
AK-47,Uncharted,https://csgostash.com/skin/1057/AK-47-Uncharted
AK-47,Elite Build,https://csgostash.com/skin/567/AK-47-Elite-Build
AK-47,Green Laminate,https://csgostash.com/skin/1443/AK-47-Green-Laminate
AK-47,Black Laminate,https://csgostash.com/skin/49/AK-47-Black-Laminate
AK-47,Baroque Purple,https://csgostash.com/skin/1151/AK-47-Baroque-Purple
AK-47,Safari Mesh,https://csgostash.com/skin/140/AK-47-Safari-Mesh
AK-47,Jungle Spray,https://csgostash.com/skin/60/AK-47-Jungle-Spray
AK-47,Predator,https://csgostash.com/skin/61/AK-47-Predator
AUG,Chameleon,https://csgostash.com/skin/275/AUG-Chameleon
AUG,Akihabara Accept,https://csgostash.com/skin/629/AUG-Akihabara-Accept
AUG,Death by Puppy,https://csgostash.com/skin/1112/AUG-Death-by-Puppy
AUG,Momentum,https://csgostash.com/skin/1069/AUG-Momentum
AUG,Stymphalian,https://csgostash.com/skin/926/AUG-Stymphalian
AUG,Syd Mead,https://csgostash.com/skin/800/AUG-Syd-Mead
AUG,Fleet Flock,https://csgostash.com/skin/735/AUG-Fleet-Flock
AUG,Bengal Tiger,https://csgostash.com/skin/470/AUG-Bengal-Tiger
AUG,Arctic Wolf,https://csgostash.com/skin/1191/AUG-Arctic-Wolf
AUG,Aristocrat,https://csgostash.com/skin/761/AUG-Aristocrat
AUG,Torque,https://csgostash.com/skin/347/AUG-Torque
AUG,Sand Storm,https://csgostash.com/skin/1413/AUG-Sand-Storm
AUG,Flame Jörmungandr,https://csgostash.com/skin/1177/AUG-Flame-J%C3%B6rmungandr
AUG,Midnight Lily,https://csgostash.com/skin/1143/AUG-Midnight-Lily
AUG,Random Access,https://csgostash.com/skin/1013/AUG-Random-Access
AUG,Plague,https://csgostash.com/skin/1453/AUG-Plague
AUG,Tom Cat,https://csgostash.com/skin/1251/AUG-Tom-Cat
AUG,Amber Slipstream,https://csgostash.com/skin/931/AUG-Amber-Slipstream
AUG,Triqua,https://csgostash.com/skin/898/AUG-Triqua
AUG,Ricochet,https://csgostash.com/skin/675/AUG-Ricochet
AUG,Wings,https://csgostash.com/skin/80/AUG-Wings
AUG,Amber Fade,https://csgostash.com/skin/1420/AUG-Amber-Fade
AUG,Carved Jade,https://csgostash.com/skin/1351/AUG-Carved-Jade
AUG,Anodized Navy,https://csgostash.com/skin/95/AUG-Anodized-Navy
AUG,Hot Rod,https://csgostash.com/skin/8/AUG-Hot-Rod
AUG,Copperhead,https://csgostash.com/skin/65/AUG-Copperhead
AUG,Spalted Wood,https://csgostash.com/skin/1384/AUG-Spalted-Wood
AUG,Radiation Hazard,https://csgostash.com/skin/487/AUG-Radiation-Hazard
AUG,Condemned,https://csgostash.com/skin/208/AUG-Condemned
AUG,Surveillance,https://csgostash.com/skin/1304/AUG-Surveillance
AUG,Navy Murano,https://csgostash.com/skin/1146/AUG-Navy-Murano
AUG,Sweeper,https://csgostash.com/skin/1021/AUG-Sweeper
AUG,Daedalus,https://csgostash.com/skin/601/AUG-Daedalus
AUG,Contractor,https://csgostash.com/skin/154/AUG-Contractor
AUG,Storm,https://csgostash.com/skin/170/AUG-Storm
AUG,Colony,https://csgostash.com/skin/184/AUG-Colony
AWP,Chromatic Aberration,https://csgostash.com/skin/1533/AWP-Chromatic-Aberration
AWP,Containment Breach,https://csgostash.com/skin/1197/AWP-Containment-Breach
AWP,Wildfire,https://csgostash.com/skin/1113/AWP-Wildfire
AWP,Neo-Noir,https://csgostash.com/skin/1053/AWP-Neo-Noir
AWP,Oni Taiji,https://csgostash.com/skin/896/AWP-Oni-Taiji
AWP,Hyper Beast,https://csgostash.com/skin/568/AWP-Hyper-Beast
AWP,Man-o'-war,https://csgostash.com/skin/510/AWP-Man-o-war
AWP,Asiimov,https://csgostash.com/skin/274/AWP-Asiimov
AWP,Lightning Strike,https://csgostash.com/skin/79/AWP-Lightning-Strike
AWP,Desert Hydra,https://csgostash.com/skin/1416/AWP-Desert-Hydra
AWP,Fade,https://csgostash.com/skin/1321/AWP-Fade
AWP,The Prince,https://csgostash.com/skin/1163/AWP-The-Prince
AWP,Gungnir,https://csgostash.com/skin/1181/AWP-Gungnir
AWP,Medusa,https://csgostash.com/skin/613/AWP-Medusa
AWP,Dragon Lore,https://csgostash.com/skin/422/AWP-Dragon-Lore
AWP,Duality,https://csgostash.com/skin/1551/AWP-Duality
AWP,Mortis,https://csgostash.com/skin/927/AWP-Mortis
AWP,Fever Dream,https://csgostash.com/skin/845/AWP-Fever-Dream
AWP,Elite Build,https://csgostash.com/skin/717/AWP-Elite-Build
AWP,Corticera,https://csgostash.com/skin/467/AWP-Corticera
AWP,Redline,https://csgostash.com/skin/236/AWP-Redline
AWP,Electric Hive,https://csgostash.com/skin/243/AWP-Electric-Hive
AWP,Graphite,https://csgostash.com/skin/110/AWP-Graphite
AWP,BOOM,https://csgostash.com/skin/71/AWP-BOOM
AWP,Silk Tiger,https://csgostash.com/skin/1338/AWP-Silk-Tiger
AWP,Exoskeleton,https://csgostash.com/skin/1293/AWP-Exoskeleton
AWP,Atheris,https://csgostash.com/skin/1063/AWP-Atheris
AWP,PAW,https://csgostash.com/skin/941/AWP-PAW
AWP,Phobos,https://csgostash.com/skin/760/AWP-Phobos
AWP,Worm God,https://csgostash.com/skin/561/AWP-Worm-God
AWP,POP AWP,https://csgostash.com/skin/1425/AWP-POP-AWP
AWP,Pink DDPAT,https://csgostash.com/skin/449/AWP-Pink-DDPAT
AWP,Pit Viper,https://csgostash.com/skin/158/AWP-Pit-Viper
AWP,Capillary,https://csgostash.com/skin/1252/AWP-Capillary
AWP,Acheron,https://csgostash.com/skin/1012/AWP-Acheron
AWP,Snake Camo,https://csgostash.com/skin/69/AWP-Snake-Camo
AWP,Sun in Leo,https://csgostash.com/skin/606/AWP-Sun-in-Leo
AWP,Safari Mesh,https://csgostash.com/skin/171/AWP-Safari-Mesh
FAMAS,Commemoration,https://csgostash.com/skin/1114/FAMAS-Commemoration
FAMAS,Roll Cage,https://csgostash.com/skin/803/FAMAS-Roll-Cage
FAMAS,Rapid Eye Movement,https://csgostash.com/skin/1513/FAMAS-Rapid-Eye-Movement
FAMAS,Eye of Athena,https://csgostash.com/skin/945/FAMAS-Eye-of-Athena
FAMAS,Mecha Industries,https://csgostash.com/skin/828/FAMAS-Mecha-Industries
FAMAS,Djinn,https://csgostash.com/skin/555/FAMAS-Djinn
FAMAS,Afterimage,https://csgostash.com/skin/248/FAMAS-Afterimage
FAMAS,Meltdown,https://csgostash.com/skin/1429/FAMAS-Meltdown
FAMAS,ZX Spectron,https://csgostash.com/skin/1461/FAMAS-ZX-Spectron
FAMAS,Valence,https://csgostash.com/skin/712/FAMAS-Valence
FAMAS,Neural Net,https://csgostash.com/skin/577/FAMAS-Neural-Net
FAMAS,Sergeant,https://csgostash.com/skin/269/FAMAS-Sergeant
FAMAS,Pulse,https://csgostash.com/skin/230/FAMAS-Pulse
FAMAS,Prime Conspiracy,https://csgostash.com/skin/1316/FAMAS-Prime-Conspiracy
FAMAS,Styx,https://csgostash.com/skin/491/FAMAS-Styx
FAMAS,Spitfire,https://csgostash.com/skin/96/FAMAS-Spitfire
FAMAS,Meow 36,https://csgostash.com/skin/1517/FAMAS-Meow-36
FAMAS,Decommissioned,https://csgostash.com/skin/1103/FAMAS-Decommissioned
FAMAS,Crypsis,https://csgostash.com/skin/1056/FAMAS-Crypsis
FAMAS,Macabre,https://csgostash.com/skin/881/FAMAS-Macabre
FAMAS,Survivor Z,https://csgostash.com/skin/644/FAMAS-Survivor-Z
FAMAS,Hexane,https://csgostash.com/skin/132/FAMAS-Hexane
FAMAS,Doomkitty,https://csgostash.com/skin/74/FAMAS-Doomkitty
FAMAS,Dark Water,https://csgostash.com/skin/1353/FAMAS-Dark-Water
FAMAS,Sundown,https://csgostash.com/skin/1140/FAMAS-Sundown
FAMAS,Teardown,https://csgostash.com/skin/209/FAMAS-Teardown
FAMAS,CaliCamo,https://csgostash.com/skin/1404/FAMAS-CaliCamo
FAMAS,Cyanospatter,https://csgostash.com/skin/178/FAMAS-Cyanospatter
FAMAS,Faulty Wiring,https://csgostash.com/skin/1435/FAMAS-Faulty-Wiring
FAMAS,Night Borre,https://csgostash.com/skin/1168/FAMAS-Night-Borre
FAMAS,Colony,https://csgostash.com/skin/156/FAMAS-Colony
FAMAS,Contrast Spray,https://csgostash.com/skin/17/FAMAS-Contrast-Spray
G3SG1,The Executioner,https://csgostash.com/skin/688/G3SG1-The-Executioner
G3SG1,Flux,https://csgostash.com/skin/655/G3SG1-Flux
G3SG1,Dream Glade,https://csgostash.com/skin/1508/G3SG1-Dream-Glade
G3SG1,Scavenger,https://csgostash.com/skin/1044/G3SG1-Scavenger
G3SG1,High Seas,https://csgostash.com/skin/939/G3SG1-High-Seas
G3SG1,Stinger,https://csgostash.com/skin/824/G3SG1-Stinger
G3SG1,Chronos,https://csgostash.com/skin/610/G3SG1-Chronos
G3SG1,Keeping Tabs,https://csgostash.com/skin/1455/G3SG1-Keeping-Tabs
G3SG1,Digital Mesh,https://csgostash.com/skin/1288/G3SG1-Digital-Mesh
G3SG1,Black Sand,https://csgostash.com/skin/1184/G3SG1-Black-Sand
G3SG1,Hunter,https://csgostash.com/skin/899/G3SG1-Hunter
G3SG1,Ventilator,https://csgostash.com/skin/805/G3SG1-Ventilator
G3SG1,Orange Crash,https://csgostash.com/skin/739/G3SG1-Orange-Crash
G3SG1,Murky,https://csgostash.com/skin/497/G3SG1-Murky
G3SG1,Azure Zebra,https://csgostash.com/skin/245/G3SG1-Azure-Zebra
G3SG1,Demeter,https://csgostash.com/skin/111/G3SG1-Demeter
G3SG1,New Roots,https://csgostash.com/skin/1390/G3SG1-New-Roots
G3SG1,Violet Murano,https://csgostash.com/skin/1156/G3SG1-Violet-Murano
G3SG1,Ancient Ritual,https://csgostash.com/skin/1348/G3SG1-Ancient-Ritual
G3SG1,Green Apple,https://csgostash.com/skin/360/G3SG1-Green-Apple
G3SG1,VariCamo,https://csgostash.com/skin/198/G3SG1-VariCamo
G3SG1,Arctic Camo,https://csgostash.com/skin/21/G3SG1-Arctic-Camo
G3SG1,Orange Kimono,https://csgostash.com/skin/617/G3SG1-Orange-Kimono
G3SG1,Contractor,https://csgostash.com/skin/412/G3SG1-Contractor
G3SG1,Jungle Dashed,https://csgostash.com/skin/177/G3SG1-Jungle-Dashed
G3SG1,Polar Camo,https://csgostash.com/skin/214/G3SG1-Polar-Camo
G3SG1,Safari Mesh,https://csgostash.com/skin/187/G3SG1-Safari-Mesh
G3SG1,Desert Storm,https://csgostash.com/skin/136/G3SG1-Desert-Storm
Galil AR,Chatterbox,https://csgostash.com/skin/512/Galil-AR-Chatterbox
Galil AR,Chromatic Aberration,https://csgostash.com/skin/1375/Galil-AR-Chromatic-Aberration
Galil AR,Sugar Rush,https://csgostash.com/skin/893/Galil-AR-Sugar-Rush
Galil AR,Eco,https://csgostash.com/skin/556/Galil-AR-Eco
Galil AR,Connexion,https://csgostash.com/skin/1279/Galil-AR-Connexion
Galil AR,Signal,https://csgostash.com/skin/1045/Galil-AR-Signal
Galil AR,Crimson Tsunami,https://csgostash.com/skin/840/Galil-AR-Crimson-Tsunami
Galil AR,Firefight,https://csgostash.com/skin/740/Galil-AR-Firefight
Galil AR,Stone Cold,https://csgostash.com/skin/650/Galil-AR-Stone-Cold
Galil AR,Orange DDPAT,https://csgostash.com/skin/73/Galil-AR-Orange-DDPAT
Galil AR,CAUTION!,https://csgostash.com/skin/1447/Galil-AR-CAUTION!
Galil AR,Phoenix Blacklight,https://csgostash.com/skin/1335/Galil-AR-Phoenix-Blacklight
Galil AR,Cerberus,https://csgostash.com/skin/482/Galil-AR-Cerberus
Galil AR,Destroyer,https://csgostash.com/skin/1518/Galil-AR-Destroyer
Galil AR,Vandal,https://csgostash.com/skin/1289/Galil-AR-Vandal
Galil AR,Akoben,https://csgostash.com/skin/1059/Galil-AR-Akoben
Galil AR,Black Sand,https://csgostash.com/skin/819/Galil-AR-Black-Sand
Galil AR,Rocket Pop,https://csgostash.com/skin/583/Galil-AR-Rocket-Pop
Galil AR,Kami,https://csgostash.com/skin/344/Galil-AR-Kami
Galil AR,Blue Titanium,https://csgostash.com/skin/238/Galil-AR-Blue-Titanium
Galil AR,Sandstorm,https://csgostash.com/skin/226/Galil-AR-Sandstorm
Galil AR,Shattered,https://csgostash.com/skin/112/Galil-AR-Shattered
Galil AR,Amber Fade,https://csgostash.com/skin/1391/Galil-AR-Amber-Fade
Galil AR,Dusk Ruins,https://csgostash.com/skin/1352/Galil-AR-Dusk-Ruins
Galil AR,Aqua Terrace,https://csgostash.com/skin/621/Galil-AR-Aqua-Terrace
Galil AR,Tuxedo,https://csgostash.com/skin/361/Galil-AR-Tuxedo
Galil AR,Cold Fusion,https://csgostash.com/skin/1008/Galil-AR-Cold-Fusion
Galil AR,Urban Rubble,https://csgostash.com/skin/589/Galil-AR-Urban-Rubble
Galil AR,VariCamo,https://csgostash.com/skin/202/Galil-AR-VariCamo
Galil AR,Winter Forest,https://csgostash.com/skin/22/Galil-AR-Winter-Forest
Galil AR,Tornado,https://csgostash.com/skin/1165/Galil-AR-Tornado
Galil AR,Sage Spray,https://csgostash.com/skin/173/Galil-AR-Sage-Spray
Galil AR,Hunting Blind,https://csgostash.com/skin/191/Galil-AR-Hunting-Blind
M4A1-S,Printstream,https://csgostash.com/skin/1301/M4A1-S-Printstream
M4A1-S,Player Two,https://csgostash.com/skin/1266/M4A1-S-Player-Two
M4A1-S,Mecha Industries,https://csgostash.com/skin/752/M4A1-S-Mecha-Industries
M4A1-S,Chantico's Fire,https://csgostash.com/skin/742/M4A1-S-Chanticos-Fire
M4A1-S,Golden Coil,https://csgostash.com/skin/657/M4A1-S-Golden-Coil
M4A1-S,Hyper Beast,https://csgostash.com/skin/554/M4A1-S-Hyper-Beast
M4A1-S,Cyrex,https://csgostash.com/skin/393/M4A1-S-Cyrex
M4A1-S,Imminent Danger,https://csgostash.com/skin/1452/M4A1-S-Imminent-Danger
M4A1-S,Welcome to the Jungle,https://csgostash.com/skin/1359/M4A1-S-Welcome-to-the-Jungle
M4A1-S,Nightmare,https://csgostash.com/skin/943/M4A1-S-Nightmare
M4A1-S,Leaded Glass,https://csgostash.com/skin/910/M4A1-S-Leaded-Glass
M4A1-S,Decimator,https://csgostash.com/skin/847/M4A1-S-Decimator
M4A1-S,Atomic Alloy,https://csgostash.com/skin/351/M4A1-S-Atomic-Alloy
M4A1-S,Guardian,https://csgostash.com/skin/234/M4A1-S-Guardian
M4A1-S,Blue Phosphor,https://csgostash.com/skin/1320/M4A1-S-Blue-Phosphor
M4A1-S,Control Panel,https://csgostash.com/skin/1017/M4A1-S-Control-Panel
M4A1-S,Hot Rod,https://csgostash.com/skin/599/M4A1-S-Hot-Rod
M4A1-S,Master Piece,https://csgostash.com/skin/437/M4A1-S-Master-Piece
M4A1-S,Knight,https://csgostash.com/skin/435/M4A1-S-Knight
M4A1-S,Emphorosaur-S,https://csgostash.com/skin/1541/M4A1-S-Emphorosaur-S
M4A1-S,Night Terror,https://csgostash.com/skin/1509/M4A1-S-Night-Terror
M4A1-S,Flashback,https://csgostash.com/skin/825/M4A1-S-Flashback
M4A1-S,Basilisk,https://csgostash.com/skin/499/M4A1-S-Basilisk
M4A1-S,Bright Water,https://csgostash.com/skin/123/M4A1-S-Bright-Water
M4A1-S,Dark Water,https://csgostash.com/skin/87/M4A1-S-Dark-Water
M4A1-S,Icarus Fell,https://csgostash.com/skin/611/M4A1-S-Icarus-Fell
M4A1-S,Nitro,https://csgostash.com/skin/203/M4A1-S-Nitro
M4A1-S,Briefing,https://csgostash.com/skin/882/M4A1-S-Briefing
M4A1-S,Blood Tiger,https://csgostash.com/skin/126/M4A1-S-Blood-Tiger
M4A1-S,Fizzy POP,https://csgostash.com/skin/1418/M4A1-S-Fizzy-POP
M4A1-S,VariCamo,https://csgostash.com/skin/150/M4A1-S-VariCamo
M4A1-S,Moss Quartz,https://csgostash.com/skin/1169/M4A1-S-Moss-Quartz
M4A1-S,Boreal Forest,https://csgostash.com/skin/155/M4A1-S-Boreal-Forest
M4A4,Howl,https://csgostash.com/skin/355/M4A4-Howl
M4A4,Temukau,https://csgostash.com/skin/1550/M4A4-Temukau
M4A4,In Living Color,https://csgostash.com/skin/1377/M4A4-In-Living-Color
M4A4,The Emperor,https://csgostash.com/skin/1072/M4A4-The-Emperor
M4A4,Neo-Noir,https://csgostash.com/skin/929/M4A4-Neo-Noir
M4A4,Buzz Kill,https://csgostash.com/skin/832/M4A4-Buzz-Kill
M4A4,The Battlestar,https://csgostash.com/skin/721/M4A4-The-Battlestar
M4A4,Royal Paladin,https://csgostash.com/skin/673/M4A4-Royal-Paladin
M4A4,Bullet Rain,https://csgostash.com/skin/465/M4A4-Bullet-Rain
M4A4,Desert-Strike,https://csgostash.com/skin/391/M4A4-Desert-Strike
M4A4,Asiimov,https://csgostash.com/skin/237/M4A4-Asiimov
M4A4,X-Ray,https://csgostash.com/skin/244/M4A4-X-Ray
M4A4,The Coalition,https://csgostash.com/skin/1433/M4A4-The-Coalition
M4A4,Cyber Security,https://csgostash.com/skin/1299/M4A4-Cyber-Security
M4A4,Tooth Fairy,https://csgostash.com/skin/1281/M4A4-Tooth-Fairy
M4A4,Hellfire,https://csgostash.com/skin/894/M4A4-Hellfire
M4A4,Desolate Space,https://csgostash.com/skin/756/M4A4-Desolate-Space
M4A4,龍王 (Dragon King),https://csgostash.com/skin/519/M4A4-%E9%BE%8D%E7%8E%8B-Dragon-King
M4A4,Poseidon,https://csgostash.com/skin/612/M4A4-Poseidon
M4A4,Spider Lily,https://csgostash.com/skin/1464/M4A4-Spider-Lily
M4A4,Evil Daimyo,https://csgostash.com/skin/576/M4A4-Evil-Daimyo
M4A4,Griffin,https://csgostash.com/skin/500/M4A4-Griffin
M4A4,Zirka,https://csgostash.com/skin/119/M4A4-Zirka
M4A4,Red DDPAT,https://csgostash.com/skin/1393/M4A4-Red-DDPAT
M4A4,Daybreak,https://csgostash.com/skin/627/M4A4-Daybreak
M4A4,Modern Hunter,https://csgostash.com/skin/42/M4A4-Modern-Hunter
M4A4,Poly Mag,https://csgostash.com/skin/1519/M4A4-Poly-Mag
M4A4,Magnesium,https://csgostash.com/skin/1040/M4A4-Magnesium
M4A4,Faded Zebra,https://csgostash.com/skin/77/M4A4-Faded-Zebra
M4A4,Global Offensive,https://csgostash.com/skin/1312/M4A4-Global-Offensive
M4A4,Converter,https://csgostash.com/skin/1028/M4A4-Converter
M4A4,Radiation Hazard,https://csgostash.com/skin/24/M4A4-Radiation-Hazard
M4A4,Dark Blossom,https://csgostash.com/skin/1134/M4A4-Dark-Blossom
M4A4,Mainframe,https://csgostash.com/skin/1005/M4A4-Mainframe
M4A4,Urban DDPAT,https://csgostash.com/skin/225/M4A4-Urban-DDPAT
M4A4,Desert Storm,https://csgostash.com/skin/64/M4A4-Desert-Storm
M4A4,Tornado,https://csgostash.com/skin/44/M4A4-Tornado
M4A4,Jungle Tiger,https://csgostash.com/skin/55/M4A4-Jungle-Tiger
SCAR-20,Bloodsport,https://csgostash.com/skin/754/SCAR-20-Bloodsport
SCAR-20,Cardiac,https://csgostash.com/skin/506/SCAR-20-Cardiac
SCAR-20,Cyrex,https://csgostash.com/skin/352/SCAR-20-Cyrex
SCAR-20,Splash Jam,https://csgostash.com/skin/32/SCAR-20-Splash-Jam
SCAR-20,Enforcer,https://csgostash.com/skin/1260/SCAR-20-Enforcer
SCAR-20,Powercore,https://csgostash.com/skin/811/SCAR-20-Powercore
SCAR-20,Emerald,https://csgostash.com/skin/93/SCAR-20-Emerald
SCAR-20,Fragments,https://csgostash.com/skin/1536/SCAR-20-Fragments
SCAR-20,Poultrygeist,https://csgostash.com/skin/1505/SCAR-20-Poultrygeist
SCAR-20,Torn,https://csgostash.com/skin/1187/SCAR-20-Torn
SCAR-20,Assault,https://csgostash.com/skin/1102/SCAR-20-Assault
SCAR-20,Jungle Slipstream,https://csgostash.com/skin/903/SCAR-20-Jungle-Slipstream
SCAR-20,Blueprint,https://csgostash.com/skin/834/SCAR-20-Blueprint
SCAR-20,Outbreak,https://csgostash.com/skin/679/SCAR-20-Outbreak
SCAR-20,Green Marine,https://csgostash.com/skin/648/SCAR-20-Green-Marine
SCAR-20,Grotto,https://csgostash.com/skin/521/SCAR-20-Grotto
SCAR-20,Crimson Web,https://csgostash.com/skin/135/SCAR-20-Crimson-Web
SCAR-20,Magna Carta,https://csgostash.com/skin/1315/SCAR-20-Magna-Carta
SCAR-20,Brass,https://csgostash.com/skin/1173/SCAR-20-Brass
SCAR-20,Carbon Fiber,https://csgostash.com/skin/219/SCAR-20-Carbon-Fiber
SCAR-20,Palm,https://csgostash.com/skin/62/SCAR-20-Palm
SCAR-20,Stone Mosaico,https://csgostash.com/skin/1147/SCAR-20-Stone-Mosaico
SCAR-20,Army Sheen,https://csgostash.com/skin/584/SCAR-20-Army-Sheen
SCAR-20,Storm,https://csgostash.com/skin/426/SCAR-20-Storm
SCAR-20,Contractor,https://csgostash.com/skin/197/SCAR-20-Contractor
SCAR-20,Sand Mesh,https://csgostash.com/skin/141/SCAR-20-Sand-Mesh
SG 553,Colony IV,https://csgostash.com/skin/1195/SG-553-Colony-IV
SG 553,Cyrex,https://csgostash.com/skin/570/SG-553-Cyrex
SG 553,Hazard Pay,https://csgostash.com/skin/1451/SG-553-Hazard-Pay
SG 553,Integrale,https://csgostash.com/skin/1035/SG-553-Integrale
SG 553,Dragon Tech,https://csgostash.com/skin/1526/SG-553-Dragon-Tech
SG 553,Darkwing,https://csgostash.com/skin/1261/SG-553-Darkwing
SG 553,Phantom,https://csgostash.com/skin/905/SG-553-Phantom
SG 553,Triarch,https://csgostash.com/skin/812/SG-553-Triarch
SG 553,Tiger Moth,https://csgostash.com/skin/683/SG-553-Tiger-Moth
SG 553,Pulse,https://csgostash.com/skin/268/SG-553-Pulse
SG 553,Hypnotic,https://csgostash.com/skin/1336/SG-553-Hypnotic
SG 553,Bulldozer,https://csgostash.com/skin/596/SG-553-Bulldozer
SG 553,Cyberforce,https://csgostash.com/skin/1539/SG-553-Cyberforce
SG 553,Heavy Metal,https://csgostash.com/skin/1363/SG-553-Heavy-Metal
SG 553,Ol' Rusty,https://csgostash.com/skin/1271/SG-553-Ol-Rusty
SG 553,Danger Close,https://csgostash.com/skin/1042/SG-553-Danger-Close
SG 553,Aloha,https://csgostash.com/skin/919/SG-553-Aloha
SG 553,Aerial,https://csgostash.com/skin/763/SG-553-Aerial
SG 553,Atlas,https://csgostash.com/skin/747/SG-553-Atlas
SG 553,Wave Spray,https://csgostash.com/skin/113/SG-553-Wave-Spray
SG 553,Ultraviolet,https://csgostash.com/skin/81/SG-553-Ultraviolet
SG 553,Desert Blossom,https://csgostash.com/skin/1410/SG-553-Desert-Blossom
SG 553,Anodized Navy,https://csgostash.com/skin/180/SG-553-Anodized-Navy
SG 553,Damascus Steel,https://csgostash.com/skin/139/SG-553-Damascus-Steel
SG 553,Candy Apple,https://csgostash.com/skin/1152/SG-553-Candy-Apple
SG 553,Fallout Warning,https://csgostash.com/skin/494/SG-553-Fallout-Warning
SG 553,Traveler,https://csgostash.com/skin/417/SG-553-Traveler
SG 553,Gator Mesh,https://csgostash.com/skin/190/SG-553-Gator-Mesh
SG 553,Bleached,https://csgostash.com/skin/1381/SG-553-Bleached
SG 553,Lush Ruins,https://csgostash.com/skin/1342/SG-553-Lush-Ruins
SG 553,Barricade,https://csgostash.com/skin/1164/SG-553-Barricade
SG 553,Army Sheen,https://csgostash.com/skin/368/SG-553-Army-Sheen
SG 553,Waves Perforated,https://csgostash.com/skin/176/SG-553-Waves-Perforated
SG 553,Tornado,https://csgostash.com/skin/14/SG-553-Tornado
SSG 08,Dragonfire,https://csgostash.com/skin/831/SSG-08-Dragonfire
SSG 08,Blood in the Water,https://csgostash.com/skin/124/SSG-08-Blood-in-the-Water
SSG 08,Turbo Peek,https://csgostash.com/skin/1467/SSG-08-Turbo-Peek
SSG 08,Bloodshot,https://csgostash.com/skin/1196/SSG-08-Bloodshot
SSG 08,Big Iron,https://csgostash.com/skin/656/SSG-08-Big-Iron
SSG 08,Death Strike,https://csgostash.com/skin/1396/SSG-08-Death-Strike
SSG 08,Parallax,https://csgostash.com/skin/1296/SSG-08-Parallax
SSG 08,Fever Dream,https://csgostash.com/skin/1262/SSG-08-Fever-Dream
SSG 08,Death's Head,https://csgostash.com/skin/891/SSG-08-Deaths-Head
SSG 08,Ghost Crusader,https://csgostash.com/skin/748/SSG-08-Ghost-Crusader
SSG 08,Sea Calico,https://csgostash.com/skin/1141/SSG-08-Sea-Calico
SSG 08,Mainframe 001,https://csgostash.com/skin/1272/SSG-08-Mainframe-001
SSG 08,Necropos,https://csgostash.com/skin/709/SSG-08-Necropos
SSG 08,Dark Water,https://csgostash.com/skin/480/SSG-08-Dark-Water
SSG 08,Abyss,https://csgostash.com/skin/398/SSG-08-Abyss
SSG 08,Slashed,https://csgostash.com/skin/342/SSG-08-Slashed
SSG 08,Spring Twilly,https://csgostash.com/skin/1419/SSG-08-Spring-Twilly
SSG 08,Threat Detected,https://csgostash.com/skin/1313/SSG-08-Threat-Detected
SSG 08,Orange Filigree,https://csgostash.com/skin/1158/SSG-08-Orange-Filigree
SSG 08,Hand Brake,https://csgostash.com/skin/1027/SSG-08-Hand-Brake
SSG 08,Detour,https://csgostash.com/skin/451/SSG-08-Detour
SSG 08,Acid Fade,https://csgostash.com/skin/200/SSG-08-Acid-Fade
SSG 08,Carbon Fiber,https://csgostash.com/skin/1441/SSG-08-Carbon-Fiber
SSG 08,Tropical Storm,https://csgostash.com/skin/188/SSG-08-Tropical-Storm
SSG 08,Mayan Dreams,https://csgostash.com/skin/107/SSG-08-Mayan-Dreams
SSG 08,Prey,https://csgostash.com/skin/1402/SSG-08-Prey
SSG 08,Jungle Dashed,https://csgostash.com/skin/1344/SSG-08-Jungle-Dashed
SSG 08,Red Stone,https://csgostash.com/skin/1167/SSG-08-Red-Stone
SSG 08,Sand Dune,https://csgostash.com/skin/416/SSG-08-Sand-Dune
SSG 08,Blue Spruce,https://csgostash.com/skin/199/SSG-08-Blue-Spruce
SSG 08,Lichen Dashed,https://csgostash.com/skin/56/SSG-08-Lichen-Dashed
MAC-10,Stalker,https://csgostash.com/skin/1198/MAC-10-Stalker
MAC-10,Neon Rider,https://csgostash.com/skin/553/MAC-10-Neon-Rider
MAC-10,Toybox,https://csgostash.com/skin/1465/MAC-10-Toybox
MAC-10,Disco Tech,https://csgostash.com/skin/1264/MAC-10-Disco-Tech
MAC-10,Propaganda,https://csgostash.com/skin/1430/MAC-10-Propaganda
MAC-10,Hot Snakes,https://csgostash.com/skin/1339/MAC-10-Hot-Snakes
MAC-10,Sakkaku,https://csgostash.com/skin/1543/MAC-10-Sakkaku
MAC-10,Button Masher,https://csgostash.com/skin/1371/MAC-10-Button-Masher
MAC-10,Allure,https://csgostash.com/skin/1278/MAC-10-Allure
MAC-10,Pipe Down,https://csgostash.com/skin/1046/MAC-10-Pipe-Down
MAC-10,Last Dive,https://csgostash.com/skin/842/MAC-10-Last-Dive
MAC-10,Malachite,https://csgostash.com/skin/516/MAC-10-Malachite
MAC-10,Tatter,https://csgostash.com/skin/388/MAC-10-Tatter
MAC-10,Curse,https://csgostash.com/skin/349/MAC-10-Curse
MAC-10,Heat,https://csgostash.com/skin/267/MAC-10-Heat
MAC-10,Graven,https://csgostash.com/skin/116/MAC-10-Graven
MAC-10,Case Hardened,https://csgostash.com/skin/1394/MAC-10-Case-Hardened
MAC-10,Gold Brick,https://csgostash.com/skin/1355/MAC-10-Gold-Brick
MAC-10,Red Filigree,https://csgostash.com/skin/1160/MAC-10-Red-Filigree
MAC-10,Monkeyflage,https://csgostash.com/skin/1520/MAC-10-Monkeyflage
MAC-10,Ensnared,https://csgostash.com/skin/1501/MAC-10-Ensnared
MAC-10,Classic Crate,https://csgostash.com/skin/1100/MAC-10-Classic-Crate
MAC-10,Whitefish,https://csgostash.com/skin/1058/MAC-10-Whitefish
MAC-10,Oceanic,https://csgostash.com/skin/901/MAC-10-Oceanic
MAC-10,Aloha,https://csgostash.com/skin/883/MAC-10-Aloha
MAC-10,Carnivore,https://csgostash.com/skin/767/MAC-10-Carnivore
MAC-10,Lapis Gator,https://csgostash.com/skin/708/MAC-10-Lapis-Gator
MAC-10,Rangeen,https://csgostash.com/skin/646/MAC-10-Rangeen
MAC-10,Ultraviolet,https://csgostash.com/skin/479/MAC-10-Ultraviolet
MAC-10,Copper Borre,https://csgostash.com/skin/1176/MAC-10-Copper-Borre
MAC-10,Fade,https://csgostash.com/skin/591/MAC-10-Fade
MAC-10,Nuclear Garden,https://csgostash.com/skin/486/MAC-10-Nuclear-Garden
MAC-10,Amber Fade,https://csgostash.com/skin/186/MAC-10-Amber-Fade
MAC-10,Calf Skin,https://csgostash.com/skin/1024/MAC-10-Calf-Skin
MAC-10,Commuter,https://csgostash.com/skin/408/MAC-10-Commuter
MAC-10,Silver,https://csgostash.com/skin/363/MAC-10-Silver
MAC-10,Candy Apple,https://csgostash.com/skin/224/MAC-10-Candy-Apple
MAC-10,Palm,https://csgostash.com/skin/147/MAC-10-Palm
MAC-10,Strats,https://csgostash.com/skin/1434/MAC-10-Strats
MAC-10,Sienna Damask,https://csgostash.com/skin/1401/MAC-10-Sienna-Damask
MAC-10,Surfwood,https://csgostash.com/skin/1129/MAC-10-Surfwood
MAC-10,Indigo,https://csgostash.com/skin/425/MAC-10-Indigo
MAC-10,Tornado,https://csgostash.com/skin/38/MAC-10-Tornado
MAC-10,Urban DDPAT,https://csgostash.com/skin/51/MAC-10-Urban-DDPAT
MP5-SD,Phosphor,https://csgostash.com/skin/1051/MP5-SD-Phosphor
MP5-SD,Oxide Oasis,https://csgostash.com/skin/1414/MP5-SD-Oxide-Oasis
MP5-SD,Kitbash,https://csgostash.com/skin/1280/MP5-SD-Kitbash
MP5-SD,Agent,https://csgostash.com/skin/1106/MP5-SD-Agent
MP5-SD,Gauss,https://csgostash.com/skin/1066/MP5-SD-Gauss
MP5-SD,Autumn Twilly,https://csgostash.com/skin/1427/MP5-SD-Autumn-Twilly
MP5-SD,Lab Rats,https://csgostash.com/skin/1036/MP5-SD-Lab-Rats
MP5-SD,Liquidation,https://csgostash.com/skin/1538/MP5-SD-Liquidation
MP5-SD,Necro Jr.,https://csgostash.com/skin/1503/MP5-SD-Necro-Jr
MP5-SD,Condition Zero,https://csgostash.com/skin/1292/MP5-SD-Condition-Zero
MP5-SD,Desert Strike,https://csgostash.com/skin/1255/MP5-SD-Desert-Strike
MP5-SD,Acid Wash,https://csgostash.com/skin/1182/MP5-SD-Acid-Wash
MP5-SD,Co-Processor,https://csgostash.com/skin/1010/MP5-SD-Co-Processor
MP5-SD,Nitro,https://csgostash.com/skin/1310/MP5-SD-Nitro
MP5-SD,Bamboo Garden,https://csgostash.com/skin/1128/MP5-SD-Bamboo-Garden
MP5-SD,Dirt Drop,https://csgostash.com/skin/1019/MP5-SD-Dirt-Drop
MP7,Bloodsport,https://csgostash.com/skin/930/MP7-Bloodsport
MP7,Abyssal Apparition,https://csgostash.com/skin/1514/MP7-Abyssal-Apparition
MP7,Nemesis,https://csgostash.com/skin/571/MP7-Nemesis
MP7,Neon Ply,https://csgostash.com/skin/1192/MP7-Neon-Ply
MP7,Powercore,https://csgostash.com/skin/942/MP7-Powercore
MP7,Impire,https://csgostash.com/skin/716/MP7-Impire
MP7,Special Delivery,https://csgostash.com/skin/652/MP7-Special-Delivery
MP7,Ocean Foam,https://csgostash.com/skin/473/MP7-Ocean-Foam
MP7,Fade,https://csgostash.com/skin/1032/MP7-Fade
MP7,Guerrilla,https://csgostash.com/skin/1456/MP7-Guerrilla
MP7,Mischief,https://csgostash.com/skin/1060/MP7-Mischief
MP7,Akoben,https://csgostash.com/skin/837/MP7-Akoben
MP7,Cirrus,https://csgostash.com/skin/818/MP7-Cirrus
MP7,Armor Core,https://csgostash.com/skin/566/MP7-Armor-Core
MP7,Urban Hazard,https://csgostash.com/skin/394/MP7-Urban-Hazard
MP7,Skulls,https://csgostash.com/skin/86/MP7-Skulls
MP7,Teal Blossom,https://csgostash.com/skin/1139/MP7-Teal-Blossom
MP7,Full Stop,https://csgostash.com/skin/593/MP7-Full-Stop
MP7,Anodized Navy,https://csgostash.com/skin/163/MP7-Anodized-Navy
MP7,Whiteout,https://csgostash.com/skin/19/MP7-Whiteout
MP7,Vault Heist,https://csgostash.com/skin/1327/MP7-Vault-Heist
MP7,Tall Grass,https://csgostash.com/skin/1347/MP7-Tall-Grass
MP7,Motherboard,https://csgostash.com/skin/1006/MP7-Motherboard
MP7,Gunsmoke,https://csgostash.com/skin/439/MP7-Gunsmoke
MP7,Orange Peel,https://csgostash.com/skin/194/MP7-Orange-Peel
MP7,Prey,https://csgostash.com/skin/1382/MP7-Prey
MP7,Scorched,https://csgostash.com/skin/1166/MP7-Scorched
MP7,Asterion,https://csgostash.com/skin/600/MP7-Asterion
MP7,Olive Plaid,https://csgostash.com/skin/413/MP7-Olive-Plaid
MP7,Forest DDPAT,https://csgostash.com/skin/364/MP7-Forest-DDPAT
MP7,Army Recon,https://csgostash.com/skin/206/MP7-Army-Recon
MP7,Groundwater,https://csgostash.com/skin/94/MP7-Groundwater
MP9,Starlight Protector,https://csgostash.com/skin/1516/MP9-Starlight-Protector
MP9,Food Chain,https://csgostash.com/skin/1373/MP9-Food-Chain
MP9,Hydra,https://csgostash.com/skin/1110/MP9-Hydra
MP9,Airlock,https://csgostash.com/skin/808/MP9-Airlock
MP9,Wild Lily,https://csgostash.com/skin/1144/MP9-Wild-Lily
MP9,Mount Fuji,https://csgostash.com/skin/1463/MP9-Mount-Fuji
MP9,Goo,https://csgostash.com/skin/904/MP9-Goo
MP9,Ruby Poison Dart,https://csgostash.com/skin/575/MP9-Ruby-Poison-Dart
MP9,Rose Iron,https://csgostash.com/skin/232/MP9-Rose-Iron
MP9,Hypnotic,https://csgostash.com/skin/127/MP9-Hypnotic
MP9,Stained Glass,https://csgostash.com/skin/1159/MP9-Stained-Glass
MP9,Bulldozer,https://csgostash.com/skin/13/MP9-Bulldozer
MP9,Featherweight,https://csgostash.com/skin/1535/MP9-Featherweight
MP9,Modest Threat,https://csgostash.com/skin/1037/MP9-Modest-Threat
MP9,Capillary,https://csgostash.com/skin/934/MP9-Capillary
MP9,Black Sand,https://csgostash.com/skin/916/MP9-Black-Sand
MP9,Sand Scale,https://csgostash.com/skin/820/MP9-Sand-Scale
MP9,Bioleak,https://csgostash.com/skin/743/MP9-Bioleak
MP9,Deadly Poison,https://csgostash.com/skin/517/MP9-Deadly-Poison
MP9,Dart,https://csgostash.com/skin/502/MP9-Dart
MP9,Music Box,https://csgostash.com/skin/1408/MP9-Music-Box
MP9,Pandora's Box,https://csgostash.com/skin/609/MP9-Pandoras-Box
MP9,Setting Sun,https://csgostash.com/skin/488/MP9-Setting-Sun
MP9,Dark Age,https://csgostash.com/skin/431/MP9-Dark-Age
MP9,Hot Rod,https://csgostash.com/skin/195/MP9-Hot-Rod
MP9,Old Roots,https://csgostash.com/skin/1385/MP9-Old-Roots
MP9,Orange Peel,https://csgostash.com/skin/210/MP9-Orange-Peel
MP9,Army Sheen,https://csgostash.com/skin/1305/MP9-Army-Sheen
MP9,Slide,https://csgostash.com/skin/1020/MP9-Slide
MP9,Green Plaid,https://csgostash.com/skin/415/MP9-Green-Plaid
MP9,Storm,https://csgostash.com/skin/447/MP9-Storm
MP9,Sand Dashed,https://csgostash.com/skin/145/MP9-Sand-Dashed
MP9,Dry Season,https://csgostash.com/skin/101/MP9-Dry-Season
PP-Bizon,Judgement of Anubis,https://csgostash.com/skin/736/PP-Bizon-Judgement-of-Anubis
PP-Bizon,High Roller,https://csgostash.com/skin/909/PP-Bizon-High-Roller
PP-Bizon,Space Cat,https://csgostash.com/skin/1507/PP-Bizon-Space-Cat
PP-Bizon,Embargo,https://csgostash.com/skin/1189/PP-Bizon-Embargo
PP-Bizon,Fuel Rod,https://csgostash.com/skin/680/PP-Bizon-Fuel-Rod
PP-Bizon,Blue Streak,https://csgostash.com/skin/474/PP-Bizon-Blue-Streak
PP-Bizon,Osiris,https://csgostash.com/skin/400/PP-Bizon-Osiris
PP-Bizon,Antique,https://csgostash.com/skin/348/PP-Bizon-Antique
PP-Bizon,Lumen,https://csgostash.com/skin/1457/PP-Bizon-Lumen
PP-Bizon,Runic,https://csgostash.com/skin/1275/PP-Bizon-Runic
PP-Bizon,Night Riot,https://csgostash.com/skin/914/PP-Bizon-Night-Riot
PP-Bizon,Jungle Slipstream,https://csgostash.com/skin/833/PP-Bizon-Jungle-Slipstream
PP-Bizon,Harvester,https://csgostash.com/skin/764/PP-Bizon-Harvester
PP-Bizon,Photic Zone,https://csgostash.com/skin/706/PP-Bizon-Photic-Zone
PP-Bizon,Water Sigil,https://csgostash.com/skin/241/PP-Bizon-Water-Sigil
PP-Bizon,Cobalt Halftone,https://csgostash.com/skin/229/PP-Bizon-Cobalt-Halftone
PP-Bizon,Brass,https://csgostash.com/skin/146/PP-Bizon-Brass
PP-Bizon,Rust Coat,https://csgostash.com/skin/97/PP-Bizon-Rust-Coat
PP-Bizon,Modern Hunter,https://csgostash.com/skin/35/PP-Bizon-Modern-Hunter
PP-Bizon,Breaker Box,https://csgostash.com/skin/1442/PP-Bizon-Breaker-Box
PP-Bizon,Candy Apple,https://csgostash.com/skin/1023/PP-Bizon-Candy-Apple
PP-Bizon,Chemical Green,https://csgostash.com/skin/489/PP-Bizon-Chemical-Green
PP-Bizon,Night Ops,https://csgostash.com/skin/174/PP-Bizon-Night-Ops
PP-Bizon,Carbon Fiber,https://csgostash.com/skin/50/PP-Bizon-Carbon-Fiber
PP-Bizon,Anolis,https://csgostash.com/skin/1399/PP-Bizon-Anolis
PP-Bizon,Death Rattle,https://csgostash.com/skin/1325/PP-Bizon-Death-Rattle
PP-Bizon,Seabird,https://csgostash.com/skin/1130/PP-Bizon-Seabird
PP-Bizon,Facility Sketch,https://csgostash.com/skin/1000/PP-Bizon-Facility-Sketch
PP-Bizon,Bamboo Print,https://csgostash.com/skin/614/PP-Bizon-Bamboo-Print
PP-Bizon,Sand Dashed,https://csgostash.com/skin/164/PP-Bizon-Sand-Dashed
PP-Bizon,Urban Dashed,https://csgostash.com/skin/223/PP-Bizon-Urban-Dashed
PP-Bizon,Irradiated Alert,https://csgostash.com/skin/26/PP-Bizon-Irradiated-Alert
PP-Bizon,Forest Leaves,https://csgostash.com/skin/34/PP-Bizon-Forest-Leaves
P90,Asiimov,https://csgostash.com/skin/406/P90-Asiimov
P90,Death by Kitty,https://csgostash.com/skin/70/P90-Death-by-Kitty
P90,Nostalgia,https://csgostash.com/skin/1111/P90-Nostalgia
P90,Shallow Grave,https://csgostash.com/skin/829/P90-Shallow-Grave
P90,Shapewood,https://csgostash.com/skin/687/P90-Shapewood
P90,Trigon,https://csgostash.com/skin/272/P90-Trigon
P90,Cold Blooded,https://csgostash.com/skin/128/P90-Cold-Blooded
P90,Emerald Dragon,https://csgostash.com/skin/121/P90-Emerald-Dragon
P90,Run and Hide,https://csgostash.com/skin/1357/P90-Run-and-Hide
P90,Neoqueen,https://csgostash.com/skin/1545/P90-Neoqueen
P90,Vent Rush,https://csgostash.com/skin/1527/P90-Vent-Rush
P90,Death Grip,https://csgostash.com/skin/890/P90-Death-Grip
P90,Chopper,https://csgostash.com/skin/759/P90-Chopper
P90,Virus,https://csgostash.com/skin/481/P90-Virus
P90,Blind Spot,https://csgostash.com/skin/247/P90-Blind-Spot
P90,Astral Jörmungandr,https://csgostash.com/skin/1179/P90-Astral-J%C3%B6rmungandr
P90,Cocoa Rampage,https://csgostash.com/skin/1287/P90-Cocoa-Rampage
P90,Freight,https://csgostash.com/skin/1274/P90-Freight
P90,Off World,https://csgostash.com/skin/1062/P90-Off-World
P90,Traction,https://csgostash.com/skin/935/P90-Traction
P90,Grim,https://csgostash.com/skin/810/P90-Grim
P90,Elite Build,https://csgostash.com/skin/580/P90-Elite-Build
P90,Module,https://csgostash.com/skin/386/P90-Module
P90,Desert Warfare,https://csgostash.com/skin/345/P90-Desert-Warfare
P90,Schematic,https://csgostash.com/skin/1444/P90-Schematic
P90,Tiger Pit,https://csgostash.com/skin/1333/P90-Tiger-Pit
P90,Baroque Red,https://csgostash.com/skin/1155/P90-Baroque-Red
P90,Facility Negative,https://csgostash.com/skin/1009/P90-Facility-Negative
P90,Teardown,https://csgostash.com/skin/175/P90-Teardown
P90,Glacier Mesh,https://csgostash.com/skin/52/P90-Glacier-Mesh
P90,Verdant Growth,https://csgostash.com/skin/1406/P90-Verdant-Growth
P90,Sunset Lily,https://csgostash.com/skin/1133/P90-Sunset-Lily
P90,Leather,https://csgostash.com/skin/407/P90-Leather
P90,Ash Wood,https://csgostash.com/skin/222/P90-Ash-Wood
P90,Fallout Warning,https://csgostash.com/skin/27/P90-Fallout-Warning
P90,Desert DDPAT,https://csgostash.com/skin/1380/P90-Desert-DDPAT
P90,Ancient Earth,https://csgostash.com/skin/1341/P90-Ancient-Earth
P90,Storm,https://csgostash.com/skin/423/P90-Storm
P90,Scorched,https://csgostash.com/skin/189/P90-Scorched
P90,Sand Spray,https://csgostash.com/skin/144/P90-Sand-Spray
UMP-45,Wild Child,https://csgostash.com/skin/1546/UMP-45-Wild-Child
UMP-45,Momentum,https://csgostash.com/skin/1049/UMP-45-Momentum
UMP-45,Primal Saber,https://csgostash.com/skin/750/UMP-45-Primal-Saber
UMP-45,Fade,https://csgostash.com/skin/1395/UMP-45-Fade
UMP-45,Gold Bismuth,https://csgostash.com/skin/1297/UMP-45-Gold-Bismuth
UMP-45,Plastique,https://csgostash.com/skin/1109/UMP-45-Plastique
UMP-45,Moonrise,https://csgostash.com/skin/1067/UMP-45-Moonrise
UMP-45,Arctic Wolf,https://csgostash.com/skin/925/UMP-45-Arctic-Wolf
UMP-45,Exposure,https://csgostash.com/skin/907/UMP-45-Exposure
UMP-45,Scaffold,https://csgostash.com/skin/843/UMP-45-Scaffold
UMP-45,Grand Prix,https://csgostash.com/skin/558/UMP-45-Grand-Prix
UMP-45,Crime Scene,https://csgostash.com/skin/1318/UMP-45-Crime-Scene
UMP-45,Roadblock,https://csgostash.com/skin/1522/UMP-45-Roadblock
UMP-45,Oscillator,https://csgostash.com/skin/1365/UMP-45-Oscillator
UMP-45,Metal Flowers,https://csgostash.com/skin/886/UMP-45-Metal-Flowers
UMP-45,Briefing,https://csgostash.com/skin/814/UMP-45-Briefing
UMP-45,Riot,https://csgostash.com/skin/579/UMP-45-Riot
UMP-45,Delusion,https://csgostash.com/skin/507/UMP-45-Delusion
UMP-45,Labyrinth,https://csgostash.com/skin/399/UMP-45-Labyrinth
UMP-45,Corporal,https://csgostash.com/skin/263/UMP-45-Corporal
UMP-45,Bone Pile,https://csgostash.com/skin/115/UMP-45-Bone-Pile
UMP-45,Full Stop,https://csgostash.com/skin/1421/UMP-45-Full-Stop
UMP-45,Day Lily,https://csgostash.com/skin/1137/UMP-45-Day-Lily
UMP-45,Minotaur's Labyrinth,https://csgostash.com/skin/608/UMP-45-Minotaurs-Labyrinth
UMP-45,Blaze,https://csgostash.com/skin/193/UMP-45-Blaze
UMP-45,Mechanism,https://csgostash.com/skin/1440/UMP-45-Mechanism
UMP-45,Houndstooth,https://csgostash.com/skin/1328/UMP-45-Houndstooth
UMP-45,Carbon Fiber,https://csgostash.com/skin/370/UMP-45-Carbon-Fiber
UMP-45,Gunsmoke,https://csgostash.com/skin/157/UMP-45-Gunsmoke
UMP-45,Fallout Warning,https://csgostash.com/skin/25/UMP-45-Fallout-Warning
UMP-45,Mudder,https://csgostash.com/skin/1018/UMP-45-Mudder
UMP-45,Facility Dark,https://csgostash.com/skin/1002/UMP-45-Facility-Dark
UMP-45,Indigo,https://csgostash.com/skin/424/UMP-45-Indigo
UMP-45,Scorched,https://csgostash.com/skin/444/UMP-45-Scorched
UMP-45,Urban DDPAT,https://csgostash.com/skin/211/UMP-45-Urban-DDPAT
UMP-45,Caramel,https://csgostash.com/skin/7/UMP-45-Caramel
MAG-7,Justice,https://csgostash.com/skin/1265/MAG-7-Justice
MAG-7,Cinquedea,https://csgostash.com/skin/1162/MAG-7-Cinquedea
MAG-7,BI83 Spectrum,https://csgostash.com/skin/1460/MAG-7-BI83-Spectrum
MAG-7,Monster Call,https://csgostash.com/skin/1276/MAG-7-Monster-Call
MAG-7,SWAG-7,https://csgostash.com/skin/924/MAG-7-SWAG-7
MAG-7,Petroglyph,https://csgostash.com/skin/807/MAG-7-Petroglyph
MAG-7,Praetorian,https://csgostash.com/skin/715/MAG-7-Praetorian
MAG-7,Heat,https://csgostash.com/skin/560/MAG-7-Heat
MAG-7,Prism Terrace,https://csgostash.com/skin/1448/MAG-7-Prism-Terrace
MAG-7,Core Breach,https://csgostash.com/skin/1014/MAG-7-Core-Breach
MAG-7,Bulldozer,https://csgostash.com/skin/185/MAG-7-Bulldozer
MAG-7,Insomnia,https://csgostash.com/skin/1534/MAG-7-Insomnia
MAG-7,Foresight,https://csgostash.com/skin/1502/MAG-7-Foresight
MAG-7,Popdog,https://csgostash.com/skin/1101/MAG-7-Popdog
MAG-7,Hard Water,https://csgostash.com/skin/884/MAG-7-Hard-Water
MAG-7,Sonar,https://csgostash.com/skin/821/MAG-7-Sonar
MAG-7,Cobalt Core,https://csgostash.com/skin/647/MAG-7-Cobalt-Core
MAG-7,Firestarter,https://csgostash.com/skin/501/MAG-7-Firestarter
MAG-7,Heaven Guard,https://csgostash.com/skin/266/MAG-7-Heaven-Guard
MAG-7,Memento,https://csgostash.com/skin/72/MAG-7-Memento
MAG-7,Counter Terrace,https://csgostash.com/skin/622/MAG-7-Counter-Terrace
MAG-7,Hazard,https://csgostash.com/skin/103/MAG-7-Hazard
MAG-7,Carbon Fiber,https://csgostash.com/skin/1311/MAG-7-Carbon-Fiber
MAG-7,Chainmail,https://csgostash.com/skin/1171/MAG-7-Chainmail
MAG-7,Silver,https://csgostash.com/skin/430/MAG-7-Silver
MAG-7,Metallic DDPAT,https://csgostash.com/skin/218/MAG-7-Metallic-DDPAT
MAG-7,Navy Sheen,https://csgostash.com/skin/1400/MAG-7-Navy-Sheen
MAG-7,Rust Coat,https://csgostash.com/skin/1022/MAG-7-Rust-Coat
MAG-7,Seabird,https://csgostash.com/skin/587/MAG-7-Seabird
MAG-7,Storm,https://csgostash.com/skin/446/MAG-7-Storm
MAG-7,Irradiated Alert,https://csgostash.com/skin/31/MAG-7-Irradiated-Alert
MAG-7,Sand Dune,https://csgostash.com/skin/48/MAG-7-Sand-Dune
Nova,Hyper Beast,https://csgostash.com/skin/719/Nova-Hyper-Beast
Nova,Bloomstick,https://csgostash.com/skin/469/Nova-Bloomstick
Nova,Antique,https://csgostash.com/skin/273/Nova-Antique
Nova,Clear Polymer,https://csgostash.com/skin/1295/Nova-Clear-Polymer
Nova,Toy Soldier,https://csgostash.com/skin/940/Nova-Toy-Soldier
Nova,Wild Six,https://csgostash.com/skin/923/Nova-Wild-Six
Nova,Gila,https://csgostash.com/skin/826/Nova-Gila
Nova,Koi,https://csgostash.com/skin/396/Nova-Koi
Nova,Rising Skull,https://csgostash.com/skin/233/Nova-Rising-Skull
Nova,Graphite,https://csgostash.com/skin/134/Nova-Graphite
Nova,Red Quartz,https://csgostash.com/skin/1428/Nova-Red-Quartz
Nova,Baroque Orange,https://csgostash.com/skin/1161/Nova-Baroque-Orange
Nova,Windblown,https://csgostash.com/skin/1366/Nova-Windblown
Nova,Plume,https://csgostash.com/skin/1183/Nova-Plume
Nova,Wood Fired,https://csgostash.com/skin/1039/Nova-Wood-Fired
Nova,Exo,https://csgostash.com/skin/766/Nova-Exo
Nova,Ranger,https://csgostash.com/skin/581/Nova-Ranger
Nova,Ghost Camo,https://csgostash.com/skin/242/Nova-Ghost-Camo
Nova,Tempest,https://csgostash.com/skin/122/Nova-Tempest
Nova,Quick Sand,https://csgostash.com/skin/1389/Nova-Quick-Sand
Nova,Interlock,https://csgostash.com/skin/1445/Nova-Interlock
Nova,Blaze Orange,https://csgostash.com/skin/39/Nova-Blaze-Orange
Nova,Modern Hunter,https://csgostash.com/skin/33/Nova-Modern-Hunter
Nova,Rust Coat,https://csgostash.com/skin/1330/Nova-Rust-Coat
Nova,Green Apple,https://csgostash.com/skin/429/Nova-Green-Apple
Nova,Caged Steel,https://csgostash.com/skin/366/Nova-Caged-Steel
Nova,Candy Apple,https://csgostash.com/skin/165/Nova-Candy-Apple
Nova,Army Sheen,https://csgostash.com/skin/1343/Nova-Army-Sheen
Nova,Mandrel,https://csgostash.com/skin/1004/Nova-Mandrel
Nova,Moon in Libra,https://csgostash.com/skin/603/Nova-Moon-in-Libra
Nova,Sand Dune,https://csgostash.com/skin/159/Nova-Sand-Dune
Nova,Polar Mesh,https://csgostash.com/skin/221/Nova-Polar-Mesh
Nova,Predator,https://csgostash.com/skin/149/Nova-Predator
Nova,Forest Leaves,https://csgostash.com/skin/59/Nova-Forest-Leaves
Nova,Walnut,https://csgostash.com/skin/43/Nova-Walnut
Sawed-Off,The Kraken,https://csgostash.com/skin/250/Sawed-Off-The-Kraken
Sawed-Off,Kiss♥Love,https://csgostash.com/skin/1531/Sawed-Off-Kiss%E2%99%A5Love
Sawed-Off,Devourer,https://csgostash.com/skin/944/Sawed-Off-Devourer
Sawed-Off,Wasteland Princess,https://csgostash.com/skin/830/Sawed-Off-Wasteland-Princess
Sawed-Off,Apocalypto,https://csgostash.com/skin/1259/Sawed-Off-Apocalypto
Sawed-Off,Limelight,https://csgostash.com/skin/757/Sawed-Off-Limelight
Sawed-Off,Serenity,https://csgostash.com/skin/520/Sawed-Off-Serenity
Sawed-Off,Highwayman,https://csgostash.com/skin/505/Sawed-Off-Highwayman
Sawed-Off,Orange DDPAT,https://csgostash.com/skin/76/Sawed-Off-Orange-DDPAT
Sawed-Off,Spirit Board,https://csgostash.com/skin/1506/Sawed-Off-Spirit-Board
Sawed-Off,Black Sand,https://csgostash.com/skin/1041/Sawed-Off-Black-Sand
Sawed-Off,Morris,https://csgostash.com/skin/897/Sawed-Off-Morris
Sawed-Off,Zander,https://csgostash.com/skin/839/Sawed-Off-Zander
Sawed-Off,Fubar,https://csgostash.com/skin/746/Sawed-Off-Fubar
Sawed-Off,Yorick,https://csgostash.com/skin/678/Sawed-Off-Yorick
Sawed-Off,Origami,https://csgostash.com/skin/562/Sawed-Off-Origami
Sawed-Off,Brake Light,https://csgostash.com/skin/1030/Sawed-Off-Brake-Light
Sawed-Off,First Class,https://csgostash.com/skin/409/Sawed-Off-First-Class
Sawed-Off,Full Stop,https://csgostash.com/skin/153/Sawed-Off-Full-Stop
Sawed-Off,Amber Fade,https://csgostash.com/skin/220/Sawed-Off-Amber-Fade
Sawed-Off,Copper,https://csgostash.com/skin/63/Sawed-Off-Copper
Sawed-Off,Rust Coat,https://csgostash.com/skin/434/Sawed-Off-Rust-Coat
Sawed-Off,Snake Camo,https://csgostash.com/skin/138/Sawed-Off-Snake-Camo
Sawed-Off,Mosaico,https://csgostash.com/skin/102/Sawed-Off-Mosaico
Sawed-Off,Parched,https://csgostash.com/skin/1383/Sawed-Off-Parched
Sawed-Off,Clay Ambush,https://csgostash.com/skin/1324/Sawed-Off-Clay-Ambush
Sawed-Off,Jungle Thicket,https://csgostash.com/skin/1131/Sawed-Off-Jungle-Thicket
Sawed-Off,Bamboo Shadow,https://csgostash.com/skin/615/Sawed-Off-Bamboo-Shadow
Sawed-Off,Sage Spray,https://csgostash.com/skin/443/Sawed-Off-Sage-Spray
Sawed-Off,Forest DDPAT,https://csgostash.com/skin/367/Sawed-Off-Forest-DDPAT
Sawed-Off,Irradiated Alert,https://csgostash.com/skin/30/Sawed-Off-Irradiated-Alert
XM1014,XOXO,https://csgostash.com/skin/1374/XM1014-XOXO
XM1014,Entombed,https://csgostash.com/skin/1283/XM1014-Entombed
XM1014,Incinegator,https://csgostash.com/skin/1070/XM1014-Incinegator
XM1014,Tranquility,https://csgostash.com/skin/508/XM1014-Tranquility
XM1014,Zombie Offensive,https://csgostash.com/skin/1510/XM1014-Zombie-Offensive
XM1014,Ziggy,https://csgostash.com/skin/908/XM1014-Ziggy
XM1014,Seasons,https://csgostash.com/skin/844/XM1014-Seasons
XM1014,Black Tie,https://csgostash.com/skin/751/XM1014-Black-Tie
XM1014,Teclu Burner,https://csgostash.com/skin/685/XM1014-Teclu-Burner
XM1014,Heaven Guard,https://csgostash.com/skin/350/XM1014-Heaven-Guard
XM1014,Elegant Vines,https://csgostash.com/skin/1411/XM1014-Elegant-Vines
XM1014,Ancient Lore,https://csgostash.com/skin/1354/XM1014-Ancient-Lore
XM1014,Watchdog,https://csgostash.com/skin/1459/XM1014-Watchdog
XM1014,Oxide Blaze,https://csgostash.com/skin/920/XM1014-Oxide-Blaze
XM1014,Slipstream,https://csgostash.com/skin/815/XM1014-Slipstream
XM1014,Scumbria,https://csgostash.com/skin/649/XM1014-Scumbria
XM1014,Quicksilver,https://csgostash.com/skin/515/XM1014-Quicksilver
XM1014,Red Python,https://csgostash.com/skin/475/XM1014-Red-Python
XM1014,Frost Borre,https://csgostash.com/skin/1175/XM1014-Frost-Borre
XM1014,Bone Machine,https://csgostash.com/skin/485/XM1014-Bone-Machine
XM1014,Red Leather,https://csgostash.com/skin/418/XM1014-Red-Leather
XM1014,VariCamo Blue,https://csgostash.com/skin/448/XM1014-VariCamo-Blue
XM1014,Blaze Orange,https://csgostash.com/skin/36/XM1014-Blaze-Orange
XM1014,Banana Leaf,https://csgostash.com/skin/1135/XM1014-Banana-Leaf
XM1014,Blue Steel,https://csgostash.com/skin/179/XM1014-Blue-Steel
XM1014,CaliCamo,https://csgostash.com/skin/151/XM1014-CaliCamo
XM1014,Fallout Warning,https://csgostash.com/skin/23/XM1014-Fallout-Warning
XM1014,Blue Tire,https://csgostash.com/skin/1436/XM1014-Blue-Tire
XM1014,Charter,https://csgostash.com/skin/1303/XM1014-Charter
XM1014,Blue Spruce,https://csgostash.com/skin/169/XM1014-Blue-Spruce
XM1014,Jungle,https://csgostash.com/skin/98/XM1014-Jungle
XM1014,Grassland,https://csgostash.com/skin/40/XM1014-Grassland
XM1014,Urban Perforated,https://csgostash.com/skin/54/XM1014-Urban-Perforated
M249,Downtown,https://csgostash.com/skin/1525/M249-Downtown
M249,Aztec,https://csgostash.com/skin/1105/M249-Aztec
M249,Emerald Poison Dart,https://csgostash.com/skin/841/M249-Emerald-Poison-Dart
M249,Nebula Crusader,https://csgostash.com/skin/651/M249-Nebula-Crusader
M249,O.S.I.P.R.,https://csgostash.com/skin/1362/M249-OSIPR
M249,Deep Relief,https://csgostash.com/skin/1291/M249-Deep-Relief
M249,Warbird,https://csgostash.com/skin/1188/M249-Warbird
M249,Spectre,https://csgostash.com/skin/741/M249-Spectre
M249,System Lock,https://csgostash.com/skin/514/M249-System-Lock
M249,Magma,https://csgostash.com/skin/228/M249-Magma
M249,Humidor,https://csgostash.com/skin/1409/M249-Humidor
M249,Midnight Palm,https://csgostash.com/skin/1387/M249-Midnight-Palm
M249,Shipping Forecast,https://csgostash.com/skin/607/M249-Shipping-Forecast
M249,Gator Mesh,https://csgostash.com/skin/201/M249-Gator-Mesh
M249,Blizzard Marbleized,https://csgostash.com/skin/18/M249-Blizzard-Marbleized
M249,Predator,https://csgostash.com/skin/1326/M249-Predator
M249,Jungle,https://csgostash.com/skin/1132/M249-Jungle
M249,Impact Drill,https://csgostash.com/skin/586/M249-Impact-Drill
M249,Contrast Spray,https://csgostash.com/skin/445/M249-Contrast-Spray
M249,Jungle DDPAT,https://csgostash.com/skin/106/M249-Jungle-DDPAT
Negev,Mjölnir,https://csgostash.com/skin/1180/Negev-Mj%C3%B6lnir
Negev,dev_texture,https://csgostash.com/skin/1370/Negev-dev-texture
Negev,Lionfish,https://csgostash.com/skin/922/Negev-Lionfish
Negev,Power Loader,https://csgostash.com/skin/681/Negev-Power-Loader
Negev,Loudmouth,https://csgostash.com/skin/574/Negev-Loudmouth
Negev,Drop Me,https://csgostash.com/skin/1521/Negev-Drop-Me
Negev,Ultralight,https://csgostash.com/skin/1269/Negev-Ultralight
Negev,Prototype,https://csgostash.com/skin/1256/Negev-Prototype
Negev,Dazzle,https://csgostash.com/skin/809/Negev-Dazzle
Negev,Man-o'-war,https://csgostash.com/skin/563/Negev-Man-o-war
Negev,Bratatat,https://csgostash.com/skin/476/Negev-Bratatat
Negev,Desert-Strike,https://csgostash.com/skin/395/Negev-Desert-Strike
Negev,Terrain,https://csgostash.com/skin/264/Negev-Terrain
Negev,Infrastructure,https://csgostash.com/skin/1446/Negev-Infrastructure
Negev,Phoenix Stencil,https://csgostash.com/skin/1332/Negev-Phoenix-Stencil
Negev,Anodized Navy,https://csgostash.com/skin/15/Negev-Anodized-Navy
Negev,Bulkhead,https://csgostash.com/skin/1007/Negev-Bulkhead
Negev,Nuclear Waste,https://csgostash.com/skin/490/Negev-Nuclear-Waste
Negev,CaliCamo,https://csgostash.com/skin/182/Negev-CaliCamo
Negev,Palm,https://csgostash.com/skin/104/Negev-Palm
Negev,Boroque Sand,https://csgostash.com/skin/1149/Negev-Boroque-Sand
Negev,Army Sheen,https://csgostash.com/skin/365/Negev-Army-Sheen
